nama_lengkap,NIK,tempat_lahir,tanggal_lahir,jenis_kelamin,status,alamat,agama,no_telepon,email,nomor_KK,nama_ibu_kandung
Keisha Suartini,4855686556862327,Sibolga,29-10-2003,Wanita,Belum Kawin,"Gang Pacuan Kuda No. 719, Kota Administrasi Jakarta Timur, BE 01074",Katolik,+6280265364057,keisha.suartini@yahoo.com,9234312760284296,Maria Fujiati
Kamidin Maryadi,6892561730710957,Cirebon,19-04-2002,Pria,Kawin,"Gang Dr. Djunjunan No. 11, Tebingtinggi, Riau 72913",Katolik,+6285400087278,kamidin.maryadi@example.org,5411012198783069,Oni Handayani
Bakijan Hutagalung,2337098750304494,Bogor,27-06-1997,Pria,Belum Kawin,"Gg. Raya Setiabudhi No. 156, Medan, SN 97849",Kristen,+6289571955918,bakijan.hutagalung@mail.com,8055143795425467,Shakila Melani
Asirwada Setiawan,9701889770754753,Singkawang,12-04-2005,Pria,Kawin,"Jl. Soekarno Hatta No. 19, Mataram, Papua 78870",Islam,+6283411559647,asirwada.setiawan@mail.com,4176694250616511,Gabriella Widiastuti
Prabu Suwarno,5642524010648085,Bandar Lampung,20-05-2000,Pria,Kawin,"Jalan R.E Martadinata No. 593, Langsa, Sumatera Barat 25241",Katolik,+6285445180623,prabu.suwarno@gmail.com,6429580862155487,Salwa Hassanah
Salwa Aryani,3876726412852654,Salatiga,01-07-2007,Wanita,Kawin,"Jl. Cikapayang No. 783, Solok, BB 57730",Kristen,+6285169666851,salwa.aryani@outlook.com,6353687602830274,Mila Hartati
Raina Lailasari,4378679697113970,Sungai Penuh,23-02-1994,Wanita,Belum Kawin,"Gang W.R. Supratman No. 52, Kupang, Sumatera Selatan 09097",Katolik,+6280301985537,raina.lailasari@gmail.com,4399669108051018,Dewi Wijayanti
Shania Permata,3653443976582950,Semarang,08-10-1999,Wanita,Kawin,"Gg. Jamika No. 16, Tegal, Sulawesi Utara 54793",Katolik,+6280049178274,shania.permata@gmail.com,2159080487971348,Citra Pratiwi
Darsirah Sitompul,3044603595387951,Palu,23-10-2006,Pria,Kawin,"Jl. Kiaracondong No. 6, Bandung, KI 75094",Islam,+6288835395210,darsirah.sitompul@yahoo.com,0057217420891522,Yunita Susanti
Fitria Nasyidah,2058019688284582,Meulaboh,09-08-2001,Wanita,Belum Kawin,"Jalan Kutisari Selatan No. 492, Mataram, Banten 54321",Katolik,+6287704418988,fitria.nasyidah@yahoo.com,5018813032900891,Diana Safitri
Lukita Mustofa,8686340313656096,Palu,02-12-1999,Pria,Kawin,"Gg. Gedebage Selatan No. 8, Yogyakarta, Kalimantan Tengah 25609",Kristen,+6284475717150,lukita.mustofa@mail.com,5042049629512854,Novi Winarsih
Kanda Saragih,1778156050376527,Jambi,13-07-2000,Pria,Belum Kawin,"Gang Gedebage Selatan No. 8, Surabaya, KB 96044",Katolik,+6283320626210,kanda.saragih@gmail.com,1976174909489156,Yuni Hariyah
Ana Wulandari,0749591367353764,Padang,02-12-2003,Wanita,Kawin,"Jl. BKR No. 9, Cimahi, Kalimantan Timur 63454",Islam,+6288035195849,ana.wulandari@outlook.com,7706006142684845,Gasti Hastuti
Salwa Andriani,5983805988118714,Kediri,25-03-2004,Wanita,Belum Kawin,"Jl. Lembong No. 617, Magelang, SB 63170",Kristen,+6288281412621,salwa.andriani@outlook.com,3288487011333698,Widya Anggraini
Wani Fujiati,4230439656337362,Tanjungbalai,17-07-2003,Wanita,Belum Kawin,"Gang Merdeka No. 7, Padang, Sulawesi Selatan 01562",Katolik,+6281093923699,wani.fujiati@mail.com,7649924608074598,Cici Hastuti
Kuncara Mansur,9222974581907005,Kota Administrasi Jakarta Timur,12-08-1995,Pria,Kawin,"Gg. W.R. Supratman No. 060, Blitar, KB 93893",Katolik,+6280200338758,kuncara.mansur@mail.com,4665394830855825,Farah Andriani
Luthfi Marpaung,6000201289271290,Kotamobagu,02-04-2001,Pria,Kawin,"Jl. Dipatiukur No. 06, Depok, Kalimantan Selatan 93186",Katolik,+6280921140900,luthfi.marpaung@yahoo.com,1932698226325162,Cinthia Mayasari
Mala Puspita,4742856774882946,Madiun,07-09-1996,Wanita,Kawin,"Jalan Sukabumi No. 67, Batam, LA 79907",Katolik,+6280985474313,mala.puspita@gmail.com,3044019108784157,Indah Lailasari
Faizah Rahimah,5163513052885081,Surakarta,02-11-1994,Wanita,Kawin,"Jalan Stasiun Wonokromo No. 05, Surakarta, Nusa Tenggara Timur 97671",Katolik,+6280657014630,faizah.rahimah@gmail.com,6163700306794120,Ghaliyati Widiastuti
Maya Suryatmi,8841879439656068,Depok,21-09-2002,Wanita,Belum Kawin,"Jalan Setiabudhi No. 6, Madiun, Bengkulu 34150",Katolik,+6288912840008,maya.suryatmi@yahoo.com,9612658297549721,Restu Permata
Estiono Mustofa,8711678376023679,Palangkaraya,13-10-2001,Pria,Belum Kawin,"Gang Pasteur No. 329, Mataram, Kalimantan Utara 50968",Kristen,+6288692119037,estiono.mustofa@gmail.com,7288808862189677,Olivia Widiastuti
Luwar Mangunsong,8107108868183070,Yogyakarta,25-07-2005,Pria,Kawin,"Jl. Cihampelas No. 4, Purwokerto, Papua 22498",Kristen,+6280496226805,luwar.mangunsong@gmail.com,4565395335118364,Lintang Usada
Ibun Manullang,8673587801587975,Probolinggo,06-03-1999,Pria,Kawin,"Jl. Tubagus Ismail No. 69, Semarang, RI 25048",Islam,+6285991903104,ibun.manullang@example.org,7860183870959575,Farah Nasyidah
Puput Winarsih,4306388174750496,Ambon,19-05-2005,Wanita,Kawin,"Jl. Raya Ujungberung No. 737, Prabumulih, Sumatera Selatan 49965",Kristen,+6288168855679,puput.winarsih@example.org,3967880282919038,Irma Susanti
Mutia Hasanah,2037072372374318,Depok,08-02-2004,Wanita,Belum Kawin,"Gg. Sentot Alibasa No. 69, Magelang, JI 43382",Kristen,+6281626398616,mutia.hasanah@gmail.com,5855958247604024,Silvia Haryanti
Clara Kusmawati,9139755086923279,Pontianak,14-04-1996,Wanita,Belum Kawin,"Gg. Suryakencana No. 00, Meulaboh, BT 80355",Katolik,+6283594019947,clara.kusmawati@outlook.com,4838332868142150,Raisa Rahimah
Maria Utami,6970056091412548,Ambon,30-07-1993,Wanita,Belum Kawin,"Jalan Lembong No. 77, Binjai, Sumatera Barat 25884",Katolik,+6283275759995,maria.utami@example.org,1326463884235952,Novi Puspasari
Lalita Mayasari,9021961367413102,Cimahi,16-01-1997,Wanita,Belum Kawin,"Gg. Siliwangi No. 2, Sabang, Sumatera Utara 48042",Katolik,+6282595332012,lalita.mayasari@mail.com,0913413260233892,Silvia Permata
Ira Suartini,4738359799099830,Prabumulih,17-11-2005,Wanita,Belum Kawin,"Gang Pacuan Kuda No. 558, Serang, SR 91414",Islam,+6285169835237,ira.suartini@yahoo.com,8687314913361528,Ana Permata
Nadine Suartini,5857021796301821,Singkawang,11-02-1994,Wanita,Belum Kawin,"Gg. Medokan Ayu No. 885, Jayapura, PA 39533",Kristen,+6282394828787,nadine.suartini@gmail.com,5866039337984891,Sadina Agustina
Nadia Permata,2906160669041016,Bukittinggi,05-08-2006,Wanita,Belum Kawin,"Gg. Cikutra Timur No. 3, Bima, SR 24503",Islam,+6289347811058,nadia.permata@mail.com,8241676244851758,Ulva Haryanti
Cemeti Damanik,4911458408221627,Makassar,29-12-1997,Pria,Kawin,"Jl. Kendalsari No. 9, Depok, JB 41440",Katolik,+6280117757514,cemeti.damanik@yahoo.com,6306222473797053,Ina Zulaika
Agus Uwais,6476526233219492,Bogor,04-08-1999,Pria,Belum Kawin,"Jl. Monginsidi No. 872, Kota Administrasi Jakarta Barat, Kepulauan Bangka Belitung 52826",Islam,+6286890347502,agus.uwais@yahoo.com,4673993621342084,Padma Astuti
Malika Pudjiastuti,6405668078867708,Meulaboh,03-12-2002,Wanita,Kawin,"Gg. K.H. Wahid Hasyim No. 11, Payakumbuh, SU 78143",Islam,+6288926020979,malika.pudjiastuti@yahoo.com,4849838918927877,Nadine Widiastuti
Puspa Nasyidah,1718066841984619,Tidore Kepulauan,29-07-2002,Wanita,Belum Kawin,"Jl. Cikapayang No. 694, Jayapura, Jawa Timur 92883",Katolik,+6286804693524,puspa.nasyidah@outlook.com,2098170289285524,Genta Pratiwi
Eka Nababan,5895741530712753,Tanjungbalai,06-11-1995,Pria,Kawin,"Gang Yos Sudarso No. 506, Palembang, JK 33486",Katolik,+6280757856231,eka.nababan@example.org,6367703689005156,Salwa Namaga
Rini Pudjiastuti,6420781567894535,Tasikmalaya,24-11-1996,Wanita,Belum Kawin,"Jalan Pasteur No. 016, Sungai Penuh, SR 82655",Katolik,+6280853307271,rini.pudjiastuti@outlook.com,6131043349790804,Gasti Purwanti
Chelsea Puspasari,4386095575789765,Jayapura,06-08-2006,Wanita,Kawin,"Gg. Dipenogoro No. 82, Medan, ST 66803",Katolik,+6283528483055,chelsea.puspasari@example.org,6653920875330491,Zaenab Riyanti
Zelaya Palastri,8041496103717920,Pagaralam,03-04-2004,Wanita,Belum Kawin,"Gg. Cikapayang No. 7, Gorontalo, BB 43106",Kristen,+6284252009821,zelaya.palastri@example.org,1748618830662260,Humaira Agustina
Kala Prabowo,3151400605663157,Sungai Penuh,27-11-2007,Pria,Kawin,"Gang K.H. Wahid Hasyim No. 335, Pekalongan, Nusa Tenggara Barat 74073",Islam,+6283046160786,kala.prabowo@outlook.com,6417463237528182,Hani Suryatmi
Yuliana Wahyuni,1281220889193513,Kota Administrasi Jakarta Selatan,23-02-1999,Wanita,Kawin,"Gang Kebonjati No. 75, Sukabumi, KS 81107",Islam,+6289463561609,yuliana.wahyuni@outlook.com,4528920840922112,Ida Novitasari
Novi Yuniar,4503856109239800,Samarinda,15-03-2002,Wanita,Kawin,"Jl. Sentot Alibasa No. 3, Tomohon, KS 34016",Katolik,+6289350377466,novi.yuniar@example.org,2927753491048922,Pia Lailasari
Farhunnisa Andriani,0477798927198282,Kota Administrasi Jakarta Pusat,09-03-2002,Wanita,Kawin,"Jl. Setiabudhi No. 9, Denpasar, Sulawesi Tenggara 35422",Katolik,+6288469649765,farhunnisa.andriani@gmail.com,7059396096789850,Winda Namaga
Mujur Waskita,7561578697488331,Yogyakarta,24-12-1996,Pria,Belum Kawin,"Jalan Merdeka No. 30, Padang, SU 78766",Kristen,+6287553951731,mujur.waskita@mail.com,1507039605645117,Salimah Maryati
Amelia Uyainah,7197303888585659,Pagaralam,28-10-2007,Wanita,Kawin,"Gg. PHH. Mustofa No. 49, Kota Administrasi Jakarta Utara, Banten 25120",Katolik,+6282689446258,amelia.uyainah@example.org,0835201599688389,Olivia Pertiwi
Prakosa Firgantoro,7393019248350300,Sungai Penuh,25-02-2006,Pria,Belum Kawin,"Jalan Gedebage Selatan No. 307, Ambon, MA 85148",Islam,+6287791345589,prakosa.firgantoro@gmail.com,6281503195874965,Tari Zulaika
Karta Tarihoran,6805177264798022,Samarinda,24-03-1994,Pria,Belum Kawin,"Jl. H.J Maemunah No. 75, Ternate, SS 92258",Katolik,+6281251243730,karta.tarihoran@mail.com,5490071395674340,Raisa Pudjiastuti
Gawati Rahmawati,2734447160319981,Padang,05-10-1995,Wanita,Kawin,"Jalan Astana Anyar No. 0, Tual, ST 45284",Islam,+6289720292344,gawati.rahmawati@example.org,9062357906863653,Lalita Wahyuni
Jaswadi Sihombing,6306354488025204,Jambi,18-06-1994,Pria,Belum Kawin,"Gang Wonoayu No. 638, Madiun, Kalimantan Selatan 91619",Kristen,+6289782415507,jaswadi.sihombing@gmail.com,9327037850572882,Umi Anggraini
Kalim Widodo,7699123949418433,Pangkalpinang,01-11-2000,Pria,Kawin,"Gg. Pacuan Kuda No. 185, Meulaboh, Banten 09167",Kristen,+6283135362282,kalim.widodo@gmail.com,7778955195285363,Siska Permata
Bahuraksa Tarihoran,4461814709817491,Kota Administrasi Jakarta Timur,20-10-1996,Pria,Kawin,"Gg. Kiaracondong No. 624, Probolinggo, Riau 16297",Islam,+6284382491444,bahuraksa.tarihoran@mail.com,0922064247377081,Faizah Kusmawati
Halima Aryani,8899743627950052,Prabumulih,19-05-2004,Wanita,Belum Kawin,"Jl. Sadang Serang No. 056, Sorong, Sulawesi Selatan 52175",Islam,+6283703744466,halima.aryani@gmail.com,2645198462481235,Dewi Mardhiyah
Karimah Mandasari,6459191368026062,Mataram,08-02-2000,Wanita,Belum Kawin,"Jl. Cihampelas No. 2, Ambon, Jawa Tengah 14749",Kristen,+6284142107513,karimah.mandasari@yahoo.com,0927163032117321,Yunita Yulianti
Makara Sitorus,7414735592099727,Metro,29-11-2007,Pria,Belum Kawin,"Gang H.J Maemunah No. 14, Padang, Kepulauan Bangka Belitung 34090",Islam,+6288147418007,makara.sitorus@outlook.com,1290649815310926,Hasna Wahyuni
Zahra Nurdiyanti,9317652949142091,Samarinda,02-03-1997,Wanita,Kawin,"Jalan Dr. Djunjunan No. 8, Depok, MA 40288",Islam,+6288418992662,zahra.nurdiyanti@outlook.com,0374615768061105,Hafshah Sudiati
Talia Fujiati,2303976749658046,Tebingtinggi,23-04-1998,Wanita,Kawin,"Jalan Ciumbuleuit No. 82, Palu, BA 26190",Katolik,+6283331815410,talia.fujiati@yahoo.com,4892409753171170,Najwa Hartati
Hani Purwanti,0024652615232507,Blitar,02-02-2001,Wanita,Kawin,"Gang Peta No. 3, Surabaya, ST 53208",Kristen,+6280838349769,hani.purwanti@example.org,2652856308473210,Nabila Susanti
Mulyanto Uwais,0660872048016622,Banjar,04-12-2000,Pria,Kawin,"Jl. S. Parman No. 5, Bukittinggi, AC 21209",Katolik,+6282460885899,mulyanto.uwais@example.org,1785701609131833,Nilam Haryanti
Gandewa Narpati,9650444781361874,Parepare,19-12-2001,Pria,Kawin,"Gang Erlangga No. 80, Palopo, Jawa Barat 89594",Katolik,+6287855613617,gandewa.narpati@mail.com,1869277235194987,Lidya Nasyidah
Azalea Wahyuni,5175487960440124,Ternate,01-11-2005,Wanita,Kawin,"Gang Abdul Muis No. 8, Bukittinggi, KR 06427",Islam,+6286354431332,azalea.wahyuni@outlook.com,9759503135093090,Rahayu Yuliarti
Calista Rahmawati,5012042353097745,Pangkalpinang,10-01-1997,Wanita,Kawin,"Gang Jayawijaya No. 484, Solok, DKI Jakarta 76531",Islam,+6282338294012,calista.rahmawati@yahoo.com,2839497846946583,Umi Melani
Tasnim Latupono,0197502058275575,Banjarmasin,01-11-1998,Pria,Kawin,"Gang Ahmad Yani No. 5, Palembang, SG 03793",Katolik,+6280566786624,tasnim.latupono@outlook.com,8135787008594128,Shakila Agustina
Tina Rahmawati,5902443385440437,Banjar,13-08-1993,Wanita,Belum Kawin,"Gg. Otto Iskandardinata No. 5, Langsa, Aceh 64642",Islam,+6282894309828,tina.rahmawati@gmail.com,8688677271293928,Nadia Hassanah
Farah Zulaika,9781194302763842,Kotamobagu,16-08-1998,Wanita,Belum Kawin,"Jalan Yos Sudarso No. 6, Pekalongan, Papua Barat 83865",Katolik,+6280222738525,farah.zulaika@example.org,1300628399217486,Hani Hariyah
Banawi Prayoga,4606981425478106,Palembang,14-12-1999,Pria,Belum Kawin,"Jalan Ahmad Dahlan No. 09, Kotamobagu, PB 51841",Kristen,+6284931632696,banawi.prayoga@yahoo.com,2935458551976946,Tira Fujiati
Kayun Sihotang,7214801141938219,Kota Administrasi Jakarta Pusat,18-11-2004,Pria,Belum Kawin,"Jalan Stasiun Wonokromo No. 712, Tidore Kepulauan, Sulawesi Selatan 29687",Katolik,+6288932503008,kayun.sihotang@yahoo.com,1384991049144110,Rika Kuswandari
Eva Palastri,2064627828264705,Lubuklinggau,14-03-2007,Wanita,Kawin,"Jalan Cikapayang No. 8, Salatiga, MA 79645",Islam,+6287165910618,eva.palastri@outlook.com,5523420007189580,Sari Hartati
Wani Utami,8971217250300017,Batam,15-07-2003,Wanita,Belum Kawin,"Gang Jayawijaya No. 886, Solok, JB 17886",Katolik,+6289785108324,wani.utami@gmail.com,1315198081913052,Zelaya Mandasari
Sakura Maryati,1656135434098988,Jayapura,17-09-1999,Wanita,Belum Kawin,"Jl. Wonoayu No. 73, Mojokerto, SB 05822",Katolik,+6281259817937,sakura.maryati@outlook.com,5676686823622876,Fathonah Wastuti
Carla Pudjiastuti,9895113131831160,Cimahi,25-07-2003,Wanita,Belum Kawin,"Jl. BKR No. 93, Kota Administrasi Jakarta Utara, Jambi 91206",Katolik,+6281453453003,carla.pudjiastuti@yahoo.com,0347576726225371,Gabriella Wijayanti
Hasna Pertiwi,3445515782946939,Jambi,28-12-1999,Wanita,Belum Kawin,"Jl. Tubagus Ismail No. 317, Solok, Nusa Tenggara Barat 14084",Kristen,+6282821895666,hasna.pertiwi@mail.com,6823755450799535,Syahrini Purnawati
Kartika Anggraini,3729398074939448,Bitung,27-11-1996,Wanita,Belum Kawin,"Gang Sukabumi No. 780, Singkawang, Maluku 53425",Kristen,+6287428662093,kartika.anggraini@gmail.com,2769807062082763,Kartika Fujiati
Taufan Pradana,8831159442088321,Singkawang,23-04-1996,Pria,Kawin,"Jalan Astana Anyar No. 7, Cimahi, Sulawesi Tengah 12686",Islam,+6284435548327,taufan.pradana@mail.com,4831711179259715,Natalia Kuswandari
Ganep Wijaya,0108972829308823,Bekasi,12-06-2002,Pria,Belum Kawin,"Gang Dipatiukur No. 614, Serang, JI 17655",Islam,+6282072161129,ganep.wijaya@outlook.com,1234649912542360,Tari Kusmawati
Cakrabuana Manullang,2575729492797489,Binjai,29-12-1999,Pria,Belum Kawin,"Gang Tubagus Ismail No. 2, Parepare, Jawa Timur 40630",Katolik,+6285267846985,cakrabuana.manullang@outlook.com,5463227333775414,Zamira Rahimah
Ayu Aryani,7042782590222471,Meulaboh,25-07-2004,Wanita,Belum Kawin,"Jl. HOS. Cokroaminoto No. 259, Bandung, Maluku Utara 27630",Katolik,+6283874064934,ayu.aryani@gmail.com,5992350345308809,Ina Rahayu
Jindra Permadi,2823616642446172,Cilegon,28-07-1996,Pria,Belum Kawin,"Jl. Gardujati No. 9, Tomohon, Sumatera Barat 01750",Katolik,+6282699646441,jindra.permadi@outlook.com,5154738052718731,Yunita Halimah
Ayu Laksita,0362377152328504,Pariaman,15-10-1996,Wanita,Kawin,"Jalan Peta No. 99, Lhokseumawe, Sulawesi Tenggara 62517",Islam,+6287439959502,ayu.laksita@example.org,5292287913747853,Jessica Wastuti
Nilam Novitasari,3700078137373434,Sungai Penuh,28-06-1994,Wanita,Kawin,"Gg. Ronggowarsito No. 90, Pontianak, Kalimantan Tengah 55339",Katolik,+6286789010462,nilam.novitasari@example.org,3180181369062509,Raina Riyanti
Mutia Namaga,2025646751630862,Kota Administrasi Jakarta Barat,09-08-1995,Wanita,Kawin,"Gg. Erlangga No. 8, Depok, JA 06539",Islam,+6280177100374,mutia.namaga@gmail.com,7588080936038250,Sadina Maryati
Jane Susanti,7232218285239176,Dumai,31-10-1999,Wanita,Kawin,"Gang Erlangga No. 17, Padangpanjang, Sumatera Selatan 47976",Islam,+6288476245627,jane.susanti@example.org,5639844452638499,Puti Mulyani
Kunthara Thamrin,4418888159604277,Subulussalam,23-08-2004,Pria,Kawin,"Gg. Monginsidi No. 13, Bau-Bau, GO 20243",Islam,+6282500453672,kunthara.thamrin@mail.com,9796779261605922,Uchita Anggraini
Yani Handayani,2130915292164614,Banjarbaru,06-03-1998,Wanita,Belum Kawin,"Jalan Pasir Koja No. 513, Mojokerto, ST 57633",Islam,+6281436512803,yani.handayani@example.org,8981099848913376,Farhunnisa Nasyiah
Hilda Yuniar,1824834809572006,Madiun,25-11-1996,Wanita,Belum Kawin,"Jalan Ciwastra No. 194, Balikpapan, SG 76391",Kristen,+6286782097194,hilda.yuniar@gmail.com,6131203149400115,Puji Hasanah
Jumari Samosir,4963107108273414,Tangerang Selatan,15-08-1997,Pria,Kawin,"Jl. Ciumbuleuit No. 591, Palopo, MU 31959",Islam,+6286197196252,jumari.samosir@outlook.com,2760120180799665,Ani Utami
Banara Marpaung,4285205844343935,Samarinda,27-06-1999,Pria,Belum Kawin,"Gg. Indragiri No. 03, Tegal, Jambi 79848",Katolik,+6283981792307,banara.marpaung@yahoo.com,9020553184104331,Halima Mardhiyah
Harjasa Firmansyah,6278442281384444,Sibolga,14-06-1995,Pria,Belum Kawin,"Jl. Antapani Lama No. 81, Parepare, SG 86633",Kristen,+6282634035071,harjasa.firmansyah@mail.com,1227890297978390,Ami Mulyani
Puji Hartati,7301057813628976,Singkawang,06-08-2002,Wanita,Belum Kawin,"Gg. Merdeka No. 333, Magelang, Banten 60897",Katolik,+6282142686215,puji.hartati@mail.com,0456913044501138,Sabrina Fujiati
Cici Permata,2755587764782328,Bogor,22-03-1998,Wanita,Belum Kawin,"Gg. Kutai No. 753, Padang Sidempuan, Kalimantan Barat 31683",Kristen,+6281408456847,cici.permata@outlook.com,1811098002255630,Faizah Mulyani
Adiarja Kurniawan,5002010478575172,Tangerang Selatan,20-04-2001,Pria,Belum Kawin,"Jalan Otto Iskandardinata No. 40, Ambon, SR 06984",Katolik,+6280229035624,adiarja.kurniawan@example.org,2171864926380595,Wirda Namaga
Kani Laksmiwati,5780196044964611,Tual,10-07-2004,Wanita,Belum Kawin,"Gg. Pasteur No. 1, Palembang, LA 82379",Islam,+6284475419331,kani.laksmiwati@mail.com,8685500669534316,Vanya Wulandari
Fathonah Lailasari,8845589215363922,Tangerang Selatan,27-05-2002,Wanita,Belum Kawin,"Gg. Erlangga No. 6, Banjarmasin, Kepulauan Bangka Belitung 41423",Islam,+6287990356560,fathonah.lailasari@mail.com,9963075624145268,Ina Pertiwi
Paulin Suryatmi,2831948477869473,Tual,20-01-2007,Wanita,Kawin,"Gang Rumah Sakit No. 320, Cimahi, SS 35382",Katolik,+6281433611454,paulin.suryatmi@gmail.com,1368076890063904,Gawati Zulaika
Arsipatra Pradana,2075408116330842,Semarang,25-10-1998,Pria,Kawin,"Gg. PHH. Mustofa No. 30, Pontianak, LA 49612",Islam,+6286421498894,arsipatra.pradana@outlook.com,6931238759323014,Ayu Farida
Artawan Sihombing,5856629588599368,Gorontalo,21-11-1996,Pria,Kawin,"Jl. Ahmad Yani No. 83, Depok, DI Yogyakarta 21514",Kristen,+6285503805755,artawan.sihombing@gmail.com,1096348648298539,Salwa Safitri
Ivan Firgantoro,3022578466214936,Cirebon,06-08-1999,Pria,Kawin,"Jalan Rajawali Barat No. 685, Yogyakarta, Aceh 00298",Kristen,+6283183160769,ivan.firgantoro@mail.com,1859949461969045,Vera Yuliarti
Calista Yuliarti,9095214271754952,Kendari,23-12-1999,Wanita,Kawin,"Jl. Kendalsari No. 620, Semarang, SR 38855",Kristen,+6288585427835,calista.yuliarti@gmail.com,7542651362015998,Cornelia Uyainah
Paris Wijayanti,1590516822026487,Pagaralam,13-11-2003,Wanita,Kawin,"Jalan Ronggowarsito No. 329, Palembang, Papua 96494",Katolik,+6284826936049,paris.wijayanti@outlook.com,7980051256656907,Ina Pratiwi
Yani Astuti,3472839861764921,Samarinda,03-10-1996,Wanita,Kawin,"Jl. Setiabudhi No. 72, Bau-Bau, SU 39644",Katolik,+6283636529267,yani.astuti@example.org,3599073470843030,Yulia Usamah
Syahrini Nasyidah,4535372652392938,Subulussalam,07-01-2005,Wanita,Belum Kawin,"Jl. W.R. Supratman No. 14, Medan, SU 11255",Kristen,+6289716555802,syahrini.nasyidah@gmail.com,6223600444632091,Salsabila Wijayanti
Vanesa Namaga,4464362378599288,Bontang,21-12-2000,Wanita,Belum Kawin,"Gg. Jend. A. Yani No. 8, Surakarta, KU 26366",Kristen,+6286098856735,vanesa.namaga@outlook.com,5193987069931249,Kania Handayani
Kamila Oktaviani,0690001572729546,Depok,12-10-2003,Wanita,Kawin,"Gang Abdul Muis No. 554, Prabumulih, MA 18715",Islam,+6287817411786,kamila.oktaviani@gmail.com,7510455166907059,Farah Padmasari
Intan Wahyuni,8038035018614865,Tidore Kepulauan,22-05-1995,Wanita,Belum Kawin,"Jl. Kutai No. 73, Palu, JA 76038",Kristen,+6285456351543,intan.wahyuni@gmail.com,4468813901438250,Citra Mayasari
Kayla Laksmiwati,3738434684859256,Kotamobagu,31-03-1993,Wanita,Kawin,"Jl. Rajiman No. 6, Tomohon, Kalimantan Utara 40176",Kristen,+6280398318695,kayla.laksmiwati@yahoo.com,8773725829375395,Padmi Agustina
Puji Wijayanti,8477217295436294,Pangkalpinang,16-04-1997,Wanita,Kawin,"Jl. Merdeka No. 7, Tidore Kepulauan, DKI Jakarta 23435",Islam,+6284267308281,puji.wijayanti@yahoo.com,9386022768493001,Genta Fujiati
Puji Usamah,2874229469276891,Tanjungpinang,18-03-1994,Wanita,Kawin,"Jalan M.T Haryono No. 68, Malang, Nusa Tenggara Timur 05414",Islam,+6284227459398,puji.usamah@example.org,6928066346104915,Clara Nasyiah
Zelda Mardhiyah,7450052722905196,Banjarmasin,02-11-2003,Wanita,Belum Kawin,"Gg. Tubagus Ismail No. 689, Semarang, KB 55555",Katolik,+6280301770749,zelda.mardhiyah@gmail.com,2378456716189254,Gawati Laksita
Sakti Wibowo,1449316194983591,Tasikmalaya,16-03-2005,Pria,Belum Kawin,"Jl. Moch. Toha No. 33, Palembang, NT 53251",Islam,+6287159866499,sakti.wibowo@yahoo.com,2733317533824131,Elvina Hartati
Catur Kurniawan,6353367134684390,Mojokerto,19-01-1995,Pria,Kawin,"Jalan Stasiun Wonokromo No. 3, Tegal, SU 62180",Islam,+6285561549135,catur.kurniawan@gmail.com,2174909015034718,Tami Widiastuti
Ira Suryatmi,2921176736319663,Tual,18-01-1997,Wanita,Belum Kawin,"Jalan Dr. Djunjunan No. 9, Pekanbaru, MU 37518",Kristen,+6288802241403,ira.suryatmi@example.org,5409685060291426,Keisha Anggraini
Ami Utami,9934222889373098,Makassar,13-06-2003,Wanita,Kawin,"Jalan Pasir Koja No. 07, Tangerang, Aceh 94369",Kristen,+6285786838530,ami.utami@yahoo.com,2968975124331267,Mala Yolanda
Siska Namaga,5906932911028916,Padangpanjang,26-11-2005,Wanita,Kawin,"Jl. Cihampelas No. 50, Singkawang, PA 87216",Islam,+6289273499484,siska.namaga@mail.com,8657833570832613,Suci Nasyidah
Leo Simanjuntak,6256316479929630,Semarang,19-06-1995,Pria,Belum Kawin,"Gg. Jamika No. 16, Bengkulu, KU 27083",Katolik,+6281027213799,leo.simanjuntak@mail.com,5107787967075883,Wani Pudjiastuti
Maya Novitasari,3878231296339515,Lhokseumawe,22-11-2007,Wanita,Belum Kawin,"Gang Waringin No. 93, Tangerang, Sulawesi Selatan 89511",Kristen,+6289131750435,maya.novitasari@gmail.com,3281993648975912,Tania Farida
Padma Nuraini,9004792378568736,Bukittinggi,14-03-1994,Wanita,Kawin,"Jl. Jayawijaya No. 6, Blitar, Sulawesi Barat 40261",Katolik,+6280371935228,padma.nuraini@outlook.com,8165469267765063,Nilam Melani
Jaiman Utama,6630626339457912,Tanjungpinang,16-03-1993,Pria,Kawin,"Jalan Abdul Muis No. 9, Madiun, DI Yogyakarta 11656",Katolik,+6285363176422,jaiman.utama@example.org,9529270232314334,Gawati Zulaika
Kajen Ramadan,5192377487093648,Tual,06-02-1997,Pria,Kawin,"Jl. Suryakencana No. 7, Kota Administrasi Jakarta Barat, SU 39105",Kristen,+6287562897983,kajen.ramadan@gmail.com,5448789901376297,Vivi Anggraini
Siska Wulandari,9970439809634469,Mojokerto,21-06-2001,Wanita,Belum Kawin,"Gg. Indragiri No. 0, Sawahlunto, Kalimantan Utara 35914",Islam,+6288391601222,siska.wulandari@gmail.com,4187662783387041,Agnes Puspasari
Kezia Permata,1556012792165894,Mojokerto,15-11-1993,Wanita,Kawin,"Jl. Siliwangi No. 70, Kota Administrasi Jakarta Timur, KU 55276",Kristen,+6280259259540,kezia.permata@gmail.com,0411462786838733,Kamila Safitri
Clara Hastuti,3039586978091855,Bukittinggi,18-04-1993,Wanita,Belum Kawin,"Jalan Cempaka No. 743, Metro, Kepulauan Bangka Belitung 53398",Kristen,+6281954218671,clara.hastuti@gmail.com,8370672639543353,Cinthia Lailasari
Putri Aryani,2371307841935038,Bau-Bau,01-10-1999,Wanita,Kawin,"Gang Sentot Alibasa No. 745, Bandar Lampung, JB 69209",Kristen,+6283402163426,putri.aryani@mail.com,6651026747909301,Karen Purnawati
Bakidin Kusumo,9393181756724572,Kota Administrasi Jakarta Utara,10-09-1996,Pria,Belum Kawin,"Gang K.H. Wahid Hasyim No. 2, Bau-Bau, PA 20369",Katolik,+6287016713284,bakidin.kusumo@gmail.com,7333229590332829,Winda Kuswandari
Elvina Rahayu,7657372059591565,Tangerang Selatan,12-01-1994,Wanita,Belum Kawin,"Gg. Raya Setiabudhi No. 327, Probolinggo, AC 91357",Islam,+6282441588949,elvina.rahayu@gmail.com,2158514706221843,Salsabila Puspita
Pia Palastri,0106566879256669,Palopo,14-08-1995,Wanita,Belum Kawin,"Jalan Cikapayang No. 8, Solok, Nusa Tenggara Barat 13403",Islam,+6282440063064,pia.palastri@gmail.com,8268112106534605,Maimunah Hariyah
Eka Puspita,8079065123420855,Sabang,17-07-1998,Wanita,Belum Kawin,"Jalan R.E Martadinata No. 19, Sungai Penuh, JK 19845",Islam,+6287387082323,eka.puspita@yahoo.com,0090652053050404,Shakila Padmasari
Ade Adriansyah,6879072326541754,Magelang,19-08-1996,Pria,Kawin,"Gang Surapati No. 0, Tarakan, Kalimantan Utara 04766",Islam,+6289683007801,ade.adriansyah@gmail.com,2758679378541377,Safina Purnawati
Pangeran Wijaya,2060400262878362,Pekanbaru,01-04-2005,Pria,Kawin,"Gg. PHH. Mustofa No. 3, Kotamobagu, Lampung 21401",Islam,+6283960262011,pangeran.wijaya@example.org,8309961077228444,Nadine Hartati
Ian Sinaga,6082148548338898,Bengkulu,19-11-2005,Pria,Belum Kawin,"Gg. Kutisari Selatan No. 108, Sibolga, KS 06573",Katolik,+6283271741412,ian.sinaga@gmail.com,8718785019412657,Yessi Usamah
Vera Prastuti,8542073680410759,Probolinggo,29-06-1996,Wanita,Kawin,"Gang HOS. Cokroaminoto No. 29, Ambon, Sulawesi Selatan 01369",Katolik,+6283117392211,vera.prastuti@gmail.com,4404519448146508,Zelaya Riyanti
Banawi Adriansyah,0497835110666314,Jayapura,09-03-1998,Pria,Kawin,"Gg. Kutisari Selatan No. 003, Metro, KU 66783",Kristen,+6281452594007,banawi.adriansyah@mail.com,3277348930787494,Salwa Usada
Malika Rahmawati,8789957572751177,Bengkulu,21-04-2001,Wanita,Belum Kawin,"Gg. Pasteur No. 7, Cilegon, Sulawesi Barat 27124",Katolik,+6282163234273,malika.rahmawati@yahoo.com,4687812536045847,Michelle Padmasari
Widya Nasyidah,3325909417026338,Cilegon,21-05-2007,Wanita,Kawin,"Jl. BKR No. 2, Sorong, PB 88801",Kristen,+6280762225282,widya.nasyidah@yahoo.com,0826361463534998,Ida Nasyidah
Uda Budiyanto,8893744067824407,Meulaboh,30-01-1998,Pria,Belum Kawin,"Jl. Kebonjati No. 55, Pasuruan, BE 61860",Islam,+6282842008712,uda.budiyanto@outlook.com,7867798068956322,Farah Prastuti
Candrakanta Mansur,8823887487638598,Pontianak,29-07-2001,Pria,Belum Kawin,"Jalan Gedebage Selatan No. 340, Bau-Bau, SN 60170",Islam,+6282443154022,candrakanta.mansur@example.org,3897226729120291,Ratna Nuraini
Rendy Prabowo,9362298060094971,Sibolga,11-11-1993,Pria,Belum Kawin,"Gg. Kutisari Selatan No. 10, Magelang, Jawa Timur 59671",Kristen,+6283797297968,rendy.prabowo@example.org,4109914656100205,Tari Mandasari
Shakila Maryati,7873461954320037,Bengkulu,10-02-2002,Wanita,Kawin,"Gang Gedebage Selatan No. 767, Sawahlunto, AC 79724",Kristen,+6283954985120,shakila.maryati@yahoo.com,8921830022533473,Ciaobella Permata
Julia Kuswandari,9838441055358098,Kota Administrasi Jakarta Timur,04-12-1998,Wanita,Kawin,"Gang PHH. Mustofa No. 152, Denpasar, JI 55617",Katolik,+6287496691388,julia.kuswandari@example.org,7848768990736193,Ulva Purwanti
Kala Pratama,4274766343092622,Pematangsiantar,25-02-1999,Pria,Kawin,"Gg. Yos Sudarso No. 703, Pariaman, BA 90789",Katolik,+6285602657064,kala.pratama@outlook.com,5584355463157474,Keisha Halimah
Diah Handayani,2515410791295824,Tarakan,20-10-2002,Wanita,Belum Kawin,"Gang Otto Iskandardinata No. 2, Tangerang Selatan, SN 46785",Islam,+6289893624116,diah.handayani@gmail.com,1022784850030669,Yuni Mayasari
Garan Kurniawan,6649530606648282,Tarakan,16-12-2006,Pria,Kawin,"Gg. Cikutra Timur No. 05, Tebingtinggi, DKI Jakarta 59229",Kristen,+6281735122459,garan.kurniawan@outlook.com,9628457155900481,Tari Prastuti
Gina Maryati,7657907834417705,Bandung,11-07-1995,Wanita,Kawin,"Jl. Pasirkoja No. 4, Lhokseumawe, BT 64785",Kristen,+6285633848125,gina.maryati@outlook.com,4882634720609417,Ami Wijayanti
Ihsan Sinaga,0236465698756973,Balikpapan,16-08-2006,Pria,Belum Kawin,"Jalan Ciumbuleuit No. 155, Medan, BT 61715",Islam,+6289527611983,ihsan.sinaga@outlook.com,8552351693960453,Ami Farida
Karimah Palastri,9854130942143317,Palu,04-12-1996,Wanita,Kawin,"Gang Sentot Alibasa No. 503, Bekasi, Jawa Barat 57640",Katolik,+6284946483683,karimah.palastri@outlook.com,8001395874385989,Puti Yuniar
Elvina Anggraini,5755614635408681,Jambi,02-10-2003,Wanita,Belum Kawin,"Jl. Jend. A. Yani No. 988, Pangkalpinang, Sulawesi Tenggara 34628",Islam,+6280906709997,elvina.anggraini@mail.com,2355012681813582,Suci Kusmawati
Hamzah Rajata,0651884937892159,Meulaboh,02-01-1993,Pria,Kawin,"Jalan Lembong No. 54, Pekanbaru, SU 02213",Islam,+6286408516046,hamzah.rajata@outlook.com,5017231126517468,Oni Usada
Nilam Hariyah,3763071270809324,Padang Sidempuan,12-12-2004,Wanita,Kawin,"Gg. Waringin No. 05, Langsa, SS 77550",Kristen,+6287905582728,nilam.hariyah@outlook.com,8104148259672883,Nabila Padmasari
Asirwanda Waluyo,4566637494573174,Kendari,27-04-1993,Pria,Belum Kawin,"Gang Rungkut Industri No. 3, Blitar, JB 52873",Islam,+6282974839897,asirwanda.waluyo@example.org,8903346719571748,Eva Hasanah
Nrima Prakasa,6901591237141550,Tanjungpinang,14-09-2002,Pria,Kawin,"Jl. Raya Setiabudhi No. 901, Meulaboh, Riau 17922",Islam,+6284477725321,nrima.prakasa@outlook.com,9966060946874240,Umi Hariyah
Ellis Handayani,2195454355381291,Kediri,17-06-2007,Wanita,Kawin,"Gg. Gardujati No. 2, Kota Administrasi Jakarta Pusat, DI Yogyakarta 08604",Kristen,+6283230629595,ellis.handayani@yahoo.com,4224788374540508,Unjani Prastuti
Paulin Wijayanti,5074711499636455,Bandung,14-03-1995,Wanita,Kawin,"Jalan Pacuan Kuda No. 7, Subulussalam, Papua Barat 11746",Kristen,+6281225989980,paulin.wijayanti@gmail.com,0180016626659248,Ajeng Suartini
Maya Namaga,1291237688470734,Bengkulu,15-01-1998,Wanita,Belum Kawin,"Gang Cikutra Timur No. 8, Lubuklinggau, Sulawesi Tenggara 57689",Kristen,+6285584648934,maya.namaga@yahoo.com,5264572516098245,Mutia Melani
Tiara Hassanah,4412660851601039,Bengkulu,19-07-1999,Wanita,Belum Kawin,"Jalan Rawamangun No. 9, Surakarta, Aceh 41393",Islam,+6288125861697,tiara.hassanah@mail.com,9254017944159564,Septi Hariyah
Betania Purwanti,7468934614266659,Kediri,05-10-2006,Wanita,Kawin,"Jl. Sentot Alibasa No. 901, Balikpapan, NT 03572",Islam,+6284854732141,betania.purwanti@example.org,1474392173619952,Lili Kuswandari
Latif Budiman,4257090371209813,Bukittinggi,17-01-1999,Pria,Belum Kawin,"Gang Moch. Ramdan No. 995, Palembang, Papua Barat 29819",Islam,+6289504819733,latif.budiman@yahoo.com,1836836357534940,Chelsea Widiastuti
Safina Zulaika,5718528932508992,Banjar,25-04-2004,Wanita,Belum Kawin,"Gg. Surapati No. 1, Sabang, MU 32905",Islam,+6286002630238,safina.zulaika@gmail.com,4095078003195988,Tantri Hasanah
Samsul Maheswara,4812174912990130,Parepare,15-10-2005,Pria,Belum Kawin,"Jalan Yos Sudarso No. 04, Jayapura, Sulawesi Tenggara 79659",Katolik,+6280791254600,samsul.maheswara@outlook.com,7544861013657911,Hana Hastuti
Cindy Usamah,6002988253050792,Jambi,04-11-2001,Wanita,Kawin,"Gg. S. Parman No. 289, Gorontalo, Sulawesi Tenggara 40541",Katolik,+6288155952966,cindy.usamah@gmail.com,4276252088186045,Violet Namaga
Usman Pradana,4577036535427026,Gorontalo,19-09-1994,Pria,Kawin,"Jalan Lembong No. 61, Pontianak, Nusa Tenggara Timur 71998",Kristen,+6284499237064,usman.pradana@outlook.com,6683799933534882,Ade Palastri
Gatot Lazuardi,9186325315697055,Depok,28-04-1993,Pria,Kawin,"Gang Cikutra Timur No. 84, Cimahi, BT 26123",Katolik,+6285906754296,gatot.lazuardi@gmail.com,3540442288566055,Tami Kuswandari
Karman Wasita,3543991853270961,Tangerang,29-12-2006,Pria,Belum Kawin,"Jalan Jayawijaya No. 451, Jayapura, Jawa Tengah 07891",Kristen,+6289781705754,karman.wasita@mail.com,6904172657320035,Halima Hastuti
Daliman Kusumo,0076549957714286,Kendari,30-11-2002,Pria,Belum Kawin,"Gang Astana Anyar No. 596, Pematangsiantar, KR 76407",Islam,+6285116803789,daliman.kusumo@gmail.com,6840997381009409,Laila Aryani
Dalima Widiastuti,3360568436810470,Bengkulu,03-02-1999,Wanita,Belum Kawin,"Jalan Jend. Sudirman No. 8, Tanjungpinang, Kalimantan Timur 97132",Katolik,+6287624929778,dalima.widiastuti@example.org,7419643152956430,Uli Yolanda
Padma Kusmawati,9719877373350785,Jayapura,03-10-2000,Wanita,Kawin,"Jalan Rajawali Timur No. 10, Tarakan, PA 89692",Kristen,+6288297360519,padma.kusmawati@gmail.com,9307112609478321,Putri Puspita
Zizi Oktaviani,4140284046691589,Madiun,23-03-2005,Wanita,Belum Kawin,"Gg. Kutisari Selatan No. 36, Bima, LA 41165",Katolik,+6281627326959,zizi.oktaviani@gmail.com,9000668755271249,Hilda Andriani
Oni Nuraini,9420804291399577,Pangkalpinang,19-09-2007,Wanita,Kawin,"Jl. Cikutra Timur No. 7, Padang Sidempuan, YO 08421",Islam,+6287368064988,oni.nuraini@gmail.com,6534574462212086,Tari Haryanti
Budi Pranowo,5129004040395235,Samarinda,27-01-2005,Pria,Belum Kawin,"Jalan Ronggowarsito No. 14, Kota Administrasi Jakarta Pusat, KS 54177",Katolik,+6281480538830,budi.pranowo@example.org,3327653756548831,Farhunnisa Namaga
Cornelia Rahmawati,9438829059278229,Kendari,22-06-1998,Wanita,Kawin,"Jl. Bangka Raya No. 36, Surabaya, PA 65316",Kristen,+6284687314227,cornelia.rahmawati@outlook.com,9781205038749992,Kasiyah Mulyani
Lulut Mandala,3256030346029304,Cimahi,21-07-1998,Pria,Kawin,"Jalan Veteran No. 2, Tasikmalaya, Sumatera Barat 17535",Katolik,+6285731776022,lulut.mandala@yahoo.com,2699410822259510,Rika Laksita
Ira Mandasari,0348836259196267,Probolinggo,23-04-2003,Wanita,Kawin,"Gg. Pasirkoja No. 2, Bima, Nusa Tenggara Barat 85112",Kristen,+6284030031774,ira.mandasari@mail.com,8862768788043413,Septi Namaga
Dartono Wibowo,9558704397805533,Tidore Kepulauan,16-04-2002,Pria,Belum Kawin,"Jl. Rumah Sakit No. 35, Banda Aceh, LA 29204",Katolik,+6280315629293,dartono.wibowo@example.org,6357472141179888,Suci Padmasari
Salwa Nurdiyanti,9055604770842468,Binjai,27-11-1998,Wanita,Kawin,"Jalan Surapati No. 4, Kendari, MA 58586",Katolik,+6280410261696,salwa.nurdiyanti@yahoo.com,1682400373082428,Kasiyah Yuliarti
Puji Wahyuni,0429579425254788,Banjarmasin,29-07-2004,Wanita,Belum Kawin,"Gg. Rumah Sakit No. 43, Yogyakarta, Sumatera Utara 88869",Islam,+6283849617259,puji.wahyuni@mail.com,1290695747732986,Putri Kuswandari
Lalita Wijayanti,3122176589174315,Kota Administrasi Jakarta Timur,15-07-2004,Wanita,Belum Kawin,"Gg. Pasirkoja No. 801, Parepare, SR 71305",Katolik,+6286077390268,lalita.wijayanti@example.org,3160050926608625,Rachel Puspasari
Cawisono Utama,3089718830446433,Balikpapan,22-02-1995,Pria,Belum Kawin,"Jl. Joyoboyo No. 2, Bandar Lampung, KR 82891",Katolik,+6283468932176,cawisono.utama@yahoo.com,3249474578502080,Ilsa Halimah
Adika Gunarto,4406615456209314,Parepare,30-09-1993,Pria,Kawin,"Gang KH Amin Jasuta No. 30, Pekanbaru, SS 16965",Katolik,+6281812254228,adika.gunarto@example.org,2086243932728948,Hani Padmasari
Shania Hastuti,8124630184400885,Sorong,10-01-1994,Wanita,Belum Kawin,"Jl. Rungkut Industri No. 23, Palembang, Riau 02515",Islam,+6280679049740,shania.hastuti@outlook.com,2458836578142273,Jasmin Pertiwi
Tira Rahmawati,4509701577864320,Cimahi,25-06-2002,Wanita,Kawin,"Jl. Cikutra Timur No. 92, Kotamobagu, RI 08404",Katolik,+6282933864669,tira.rahmawati@outlook.com,6338523658774590,Aurora Pratiwi
Siti Riyanti,7129108507440458,Salatiga,19-05-1993,Wanita,Kawin,"Gg. Tubagus Ismail No. 1, Balikpapan, SU 40056",Katolik,+6288186674588,siti.riyanti@yahoo.com,2243586015704271,Wirda Wastuti
Paramita Mayasari,4690529287400240,Binjai,16-06-1994,Wanita,Belum Kawin,"Gg. PHH. Mustofa No. 086, Tarakan, Jambi 54853",Islam,+6287996365039,paramita.mayasari@yahoo.com,3903740528593235,Ulva Hassanah
Ilsa Wastuti,0507082797631721,Tebingtinggi,19-08-1996,Wanita,Belum Kawin,"Jl. Lembong No. 31, Palembang, Sulawesi Tenggara 86426",Kristen,+6288068641934,ilsa.wastuti@yahoo.com,8922167931303304,Ayu Nurdiyanti
Saiful Wahyudin,9354755548887741,Mojokerto,31-10-1999,Pria,Kawin,"Gg. Sukajadi No. 9, Batu, KT 83478",Islam,+6281985521336,saiful.wahyudin@gmail.com,9117476416489343,Cinta Pratiwi
Kartika Handayani,7095764610186843,Denpasar,18-01-2000,Wanita,Belum Kawin,"Jl. Yos Sudarso No. 424, Semarang, Sulawesi Utara 28521",Katolik,+6280753602621,kartika.handayani@gmail.com,1857087357555259,Hilda Riyanti
Darimin Siregar,2192198607860958,Padangpanjang,03-12-1992,Pria,Belum Kawin,"Jl. Bangka Raya No. 1, Tarakan, Jambi 18383",Katolik,+6285051897171,darimin.siregar@outlook.com,2018026816393386,Amalia Permata
Jasmin Kuswandari,1548065721167374,Denpasar,10-07-2005,Wanita,Kawin,"Gang Cikutra Timur No. 744, Mataram, Nusa Tenggara Timur 37024",Kristen,+6287277857049,jasmin.kuswandari@outlook.com,3785719045738901,Silvia Sudiati
Mutia Pudjiastuti,1647503526652987,Lhokseumawe,13-08-2005,Wanita,Belum Kawin,"Jl. Dipenogoro No. 07, Parepare, PB 00647",Islam,+6288302023210,mutia.pudjiastuti@yahoo.com,4061984386086362,Oni Padmasari
Sabri Siregar,5867121749494440,Banda Aceh,18-10-1997,Pria,Kawin,"Jl. Rajawali Barat No. 00, Sungai Penuh, Kepulauan Bangka Belitung 88164",Kristen,+6283371878789,sabri.siregar@outlook.com,3493861618183219,Tari Rahayu
Ciaobella Hariyah,2456235032643716,Palu,05-08-1999,Wanita,Belum Kawin,"Jalan Rajawali Barat No. 2, Tanjungpinang, SS 18888",Katolik,+6288111361011,ciaobella.hariyah@example.org,2661609167473310,Hamima Hariyah
Zaenab Hasanah,0351169831043949,Tual,16-06-1998,Wanita,Kawin,"Jl. Kapten Muslihat No. 254, Pasuruan, SS 20111",Katolik,+6285552467048,zaenab.hasanah@example.org,9376702819213284,Halima Hastuti
Kezia Novitasari,0956174425829536,Banjar,14-10-2002,Wanita,Belum Kawin,"Gg. Gegerkalong Hilir No. 42, Sawahlunto, BE 63899",Islam,+6287840107068,kezia.novitasari@yahoo.com,8007758881202690,Ifa Haryanti
Faizah Andriani,1539605357707031,Tangerang Selatan,03-08-2004,Wanita,Belum Kawin,"Gang Medokan Ayu No. 1, Pekanbaru, SG 36534",Katolik,+6285647582332,faizah.andriani@mail.com,9621528179478361,Ami Namaga
Okta Suwarno,1325990197888225,Palu,12-05-2000,Pria,Belum Kawin,"Gg. Raya Setiabudhi No. 0, Solok, BT 13543",Kristen,+6281043197840,okta.suwarno@gmail.com,7438258445811516,Ajeng Laksita
Kayla Wastuti,5124892792390961,Bitung,22-08-1998,Wanita,Kawin,"Gang Medokan Ayu No. 149, Kota Administrasi Jakarta Barat, MU 95884",Kristen,+6285606466201,kayla.wastuti@gmail.com,2665095136013786,Irma Mulyani
Kania Farida,8763641728952420,Kotamobagu,05-01-1995,Wanita,Belum Kawin,"Gang H.J Maemunah No. 31, Depok, BT 18798",Islam,+6280296429041,kania.farida@gmail.com,6044802453221346,Hamima Mayasari
Endah Kusmawati,7162216251623618,Banjarmasin,16-09-1995,Wanita,Belum Kawin,"Jalan Rajawali Timur No. 86, Pasuruan, NT 81964",Islam,+6280921350696,endah.kusmawati@outlook.com,6129579661521974,Vera Pratiwi
Darman Januar,8980903695918564,Bogor,03-04-1996,Pria,Belum Kawin,"Jalan Setiabudhi No. 219, Kota Administrasi Jakarta Barat, Bengkulu 34716",Islam,+6281046098138,darman.januar@gmail.com,8666535411024129,Queen Oktaviani
Elma Maryati,1046395576605383,Kota Administrasi Jakarta Barat,18-05-2005,Wanita,Belum Kawin,"Gg. Veteran No. 3, Pekanbaru, SR 55668",Katolik,+6286418895723,elma.maryati@example.org,0378168487919088,Putri Nurdiyanti
Elvin Rajasa,6227189982258781,Tanjungpinang,18-10-2003,Pria,Kawin,"Gang Siliwangi No. 92, Tebingtinggi, PA 92696",Kristen,+6289521067949,elvin.rajasa@yahoo.com,4431136995653008,Jane Hartati
Pia Andriani,1868436061575359,Serang,10-04-1994,Wanita,Belum Kawin,"Jl. Kiaracondong No. 72, Kediri, SR 66089",Katolik,+6280229983227,pia.andriani@outlook.com,1670988224176872,Novi Melani
Mahesa Nugroho,6541392969804881,Kotamobagu,28-07-2001,Pria,Kawin,"Gang Sukabumi No. 394, Blitar, Kalimantan Tengah 43669",Kristen,+6281849356114,mahesa.nugroho@example.org,7938797499747920,Novi Purnawati
Padma Rahayu,0196184492846078,Tanjungpinang,15-12-1996,Wanita,Belum Kawin,"Gang Lembong No. 461, Palembang, Kalimantan Tengah 64808",Islam,+6288715808601,padma.rahayu@outlook.com,0401963041841757,Malika Susanti
Kamidin Wahyudin,1871356780257429,Surakarta,28-06-1998,Pria,Belum Kawin,"Gg. Bangka Raya No. 51, Solok, Papua Barat 21083",Kristen,+6287431224718,kamidin.wahyudin@example.org,7830754927964819,Zulaikha Riyanti
Siti Haryanti,5201222456082300,Probolinggo,23-05-2003,Wanita,Belum Kawin,"Jl. Tubagus Ismail No. 6, Denpasar, Sulawesi Barat 34270",Katolik,+6281391591703,siti.haryanti@yahoo.com,8386740136049995,Eva Pudjiastuti
Puput Rahimah,3788228539154898,Sukabumi,19-12-2006,Wanita,Belum Kawin,"Jl. Suniaraja No. 3, Batam, JI 21558",Islam,+6289106350248,puput.rahimah@gmail.com,6599412304807086,Zaenab Susanti
Ega Simanjuntak,8380776312549966,Palembang,05-07-1993,Pria,Belum Kawin,"Gg. Kebonjati No. 092, Semarang, SG 37135",Kristen,+6283234601446,ega.simanjuntak@yahoo.com,2817648715439517,Zulfa Farida
Lega Mansur,4478754704711287,Dumai,25-07-2006,Pria,Kawin,"Gg. Stasiun Wonokromo No. 399, Tangerang Selatan, Jawa Timur 76051",Islam,+6280850670945,lega.mansur@outlook.com,3630486022556610,Jasmin Padmasari
Safina Puspasari,2100225135950490,Banda Aceh,10-04-2006,Wanita,Kawin,"Jl. R.E Martadinata No. 30, Ambon, DI Yogyakarta 32297",Islam,+6281633838462,safina.puspasari@example.org,8335500172909812,Kamila Pratiwi
Alika Widiastuti,6215362943574602,Parepare,13-02-2004,Wanita,Belum Kawin,"Gang Pacuan Kuda No. 139, Padang Sidempuan, RI 92262",Kristen,+6288668064037,alika.widiastuti@outlook.com,2345123408347975,Tari Laksmiwati
Yessi Permata,7617223883518892,Serang,10-04-2005,Wanita,Belum Kawin,"Gg. Ciwastra No. 1, Salatiga, MU 18346",Katolik,+6288165855175,yessi.permata@example.org,1669343177719874,Raisa Melani
Kairav Prasasta,4294654263222588,Bima,31-07-2001,Pria,Belum Kawin,"Gg. Joyoboyo No. 81, Sabang, Lampung 43817",Islam,+6281694815938,kairav.prasasta@gmail.com,1916889417450320,Laila Lailasari
Fitriani Nasyidah,6614435820415230,Bekasi,11-08-2006,Wanita,Kawin,"Jalan Jend. Sudirman No. 75, Singkawang, JI 74209",Katolik,+6284142607431,fitriani.nasyidah@example.org,0853091614617037,Malika Mandasari
Mala Usada,9730020875347251,Tegal,01-03-2001,Wanita,Belum Kawin,"Jl. Pacuan Kuda No. 2, Blitar, Kalimantan Timur 21896",Kristen,+6284143371488,mala.usada@mail.com,3218612819145511,Rina Handayani
Cinta Lestari,0698337276116917,Tasikmalaya,22-08-1994,Wanita,Belum Kawin,"Jl. Rajiman No. 9, Cirebon, SU 93161",Kristen,+6285494975182,cinta.lestari@gmail.com,4714049437379107,Gabriella Susanti
Hartana Gunarto,9934485690157166,Bontang,12-03-2005,Pria,Kawin,"Gang Cihampelas No. 88, Surakarta, Papua 65067",Kristen,+6280082121722,hartana.gunarto@outlook.com,8531774499441119,Farhunnisa Mayasari
Kambali Wahyudin,8787201017978094,Tarakan,24-05-2006,Pria,Belum Kawin,"Jalan R.E Martadinata No. 290, Pangkalpinang, KI 29735",Islam,+6285621194691,kambali.wahyudin@gmail.com,8602347680433438,Ellis Pertiwi
Tasdik Suwarno,5174080740284162,Lhokseumawe,24-02-2005,Pria,Belum Kawin,"Gang Pelajar Pejuang No. 9, Bengkulu, NT 06650",Kristen,+6281521501434,tasdik.suwarno@outlook.com,8952316794379326,Alika Halimah
Budi Dongoran,3045813957592869,Yogyakarta,28-02-1998,Pria,Belum Kawin,"Jl. Rawamangun No. 087, Kotamobagu, Bali 13706",Islam,+6283612357204,budi.dongoran@yahoo.com,5638681103167417,Zaenab Winarsih
Ana Utami,9981350292990609,Jambi,27-07-1997,Wanita,Kawin,"Jalan Kiaracondong No. 056, Kupang, SR 39681",Islam,+6289060200618,ana.utami@outlook.com,8807678250635004,Cici Anggraini
Balamantri Sinaga,2369392447736497,Magelang,13-03-1998,Pria,Belum Kawin,"Jalan Monginsidi No. 29, Purwokerto, Banten 02144",Kristen,+6281378402058,balamantri.sinaga@gmail.com,3440695039334331,Victoria Halimah
Suci Fujiati,6229648504134191,Tebingtinggi,15-01-1993,Wanita,Belum Kawin,"Gang Laswi No. 095, Madiun, Aceh 20623",Islam,+6287350443782,suci.fujiati@outlook.com,5481587392937477,Ilsa Fujiati
Hamima Laksita,5565739896427022,Salatiga,23-03-1998,Wanita,Belum Kawin,"Gg. Sadang Serang No. 855, Banjarbaru, GO 66745",Islam,+6280199610561,hamima.laksita@outlook.com,8758500235032139,Oliva Rahimah
Prayoga Jailani,2963507488446144,Probolinggo,08-11-2007,Pria,Kawin,"Gg. Sukabumi No. 26, Tangerang, Bengkulu 54938",Kristen,+6287517925072,prayoga.jailani@outlook.com,6756535239682480,Wani Handayani
Maman Sitorus,0633419029260295,Depok,15-10-2006,Pria,Kawin,"Gang Bangka Raya No. 225, Tidore Kepulauan, Maluku Utara 45909",Katolik,+6283102137842,maman.sitorus@outlook.com,4887488539242656,Amalia Winarsih
Mulyono Hutapea,6431876228489997,Ternate,08-08-1993,Pria,Belum Kawin,"Jl. Lembong No. 3, Magelang, BB 49069",Islam,+6284737368010,mulyono.hutapea@yahoo.com,9319761880105179,Kamila Widiastuti
Intan Maryati,8661458070768932,Banjarbaru,08-05-2000,Wanita,Belum Kawin,"Gang Peta No. 7, Kotamobagu, NB 33537",Katolik,+6288322025262,intan.maryati@gmail.com,4262900905057296,Eka Pertiwi
Lurhur Hutasoit,5025515095195267,Meulaboh,28-01-1997,Pria,Belum Kawin,"Jl. W.R. Supratman No. 260, Lhokseumawe, Aceh 21057",Islam,+6284244724609,lurhur.hutasoit@yahoo.com,2448869483766592,Kezia Namaga
Prabu Mangunsong,8166963154452725,Sungai Penuh,13-04-2007,Pria,Kawin,"Jalan Cikutra Barat No. 306, Ambon, AC 86250",Katolik,+6283994457513,prabu.mangunsong@mail.com,1523803994390692,Almira Namaga
Sakura Nuraini,3817576595922283,Pekanbaru,17-11-2006,Wanita,Belum Kawin,"Gg. Jamika No. 26, Probolinggo, KR 06846",Kristen,+6288611151553,sakura.nuraini@yahoo.com,1931756258469071,Eka Mulyani
Wahyu Narpati,2200839421103566,Tidore Kepulauan,09-08-1993,Pria,Kawin,"Jalan Pasteur No. 88, Banjar, SU 75312",Katolik,+6280789266829,wahyu.narpati@mail.com,5873391867608816,Aisyah Halimah
Maras Natsir,4797687668884345,Meulaboh,06-10-2005,Pria,Belum Kawin,"Gang Siliwangi No. 64, Bitung, Kepulauan Riau 78343",Islam,+6285127706750,maras.natsir@outlook.com,3965177828872843,Dina Nurdiyanti
Gawati Laksita,3566959084614182,Blitar,26-10-2004,Wanita,Kawin,"Gg. Moch. Ramdan No. 5, Tanjungpinang, KI 94035",Kristen,+6283300294079,gawati.laksita@yahoo.com,1388733080799921,Talia Aryani
Ilyas Setiawan,5165777683210588,Palopo,06-10-1993,Pria,Kawin,"Jl. Surapati No. 07, Kota Administrasi Jakarta Selatan, JA 25374",Katolik,+6288575288009,ilyas.setiawan@gmail.com,8547914570355667,Endah Hartati
Cengkir Habibi,3576209632741664,Salatiga,05-12-1998,Pria,Kawin,"Gang Kutisari Selatan No. 563, Medan, Bengkulu 78626",Islam,+6282078116245,cengkir.habibi@mail.com,2426498863759491,Vanya Lestari
Salsabila Safitri,2452435999698886,Pagaralam,10-04-1999,Wanita,Belum Kawin,"Jl. Setiabudhi No. 8, Batu, BT 10935",Islam,+6284701398610,salsabila.safitri@gmail.com,1938160634002470,Puti Lestari
Michelle Hariyah,8499401644479650,Kendari,06-03-1993,Wanita,Kawin,"Gang W.R. Supratman No. 216, Padangpanjang, Jambi 73127",Kristen,+6283236050725,michelle.hariyah@outlook.com,5801864445048605,Tiara Purnawati
Ifa Suryatmi,3939089889075994,Gorontalo,08-04-2006,Wanita,Kawin,"Gang Otto Iskandardinata No. 89, Dumai, BE 81057",Katolik,+6285638207103,ifa.suryatmi@example.org,4767541778212190,Olivia Puspita
Ratna Oktaviani,4854876424160037,Bandung,15-02-2004,Wanita,Belum Kawin,"Jalan M.H Thamrin No. 380, Sabang, Papua Barat 78220",Islam,+6288015859498,ratna.oktaviani@outlook.com,5439748024665082,Wani Purnawati
Fathonah Zulaika,0375379973120274,Kota Administrasi Jakarta Selatan,18-10-2003,Wanita,Kawin,"Jalan Rumah Sakit No. 792, Purwokerto, Sumatera Utara 60998",Kristen,+6281081830941,fathonah.zulaika@example.org,0578657671148780,Maya Mandasari
Kezia Yuliarti,0277945045705896,Tangerang,30-10-2002,Wanita,Kawin,"Jl. Kiaracondong No. 241, Bandung, Sulawesi Barat 89259",Islam,+6283565450855,kezia.yuliarti@yahoo.com,2136941384376327,Cici Wulandari
Betania Pertiwi,7275504284433146,Lhokseumawe,27-07-1999,Wanita,Kawin,"Jalan Waringin No. 088, Padangpanjang, KU 54265",Islam,+6283529512498,betania.pertiwi@gmail.com,7390684441947150,Kiandra Prastuti
Garda Tamba,7025698805700008,Madiun,24-10-2002,Pria,Belum Kawin,"Gang Wonoayu No. 219, Subulussalam, Sulawesi Tenggara 70095",Katolik,+6286577244208,garda.tamba@example.org,1267517585725973,Eli Yuniar
Adika Maheswara,7108826001064005,Serang,10-01-2001,Pria,Kawin,"Gang W.R. Supratman No. 42, Pematangsiantar, Kalimantan Tengah 31273",Katolik,+6289848230485,adika.maheswara@outlook.com,1452120664780264,Winda Usada
Edi Maryadi,5060189620053461,Kota Administrasi Jakarta Barat,26-03-2004,Pria,Kawin,"Jalan Ronggowarsito No. 4, Dumai, Sulawesi Tenggara 52563",Katolik,+6287088443269,edi.maryadi@example.org,2258864810995851,Calista Yuniar
Ihsan Pranowo,5978064905894991,Tarakan,27-10-2002,Pria,Kawin,"Jalan Surapati No. 555, Denpasar, SU 07191",Islam,+6282100677492,ihsan.pranowo@mail.com,9059571580746217,Raisa Wulandari
Anastasia Astuti,7690392854438700,Serang,19-04-2005,Wanita,Belum Kawin,"Gg. Pelajar Pejuang No. 9, Padang, SB 79042",Kristen,+6289799357915,anastasia.astuti@outlook.com,3809456535756286,Vera Hartati
Nadia Puspita,8152940554769556,Kupang,31-03-1995,Wanita,Belum Kawin,"Gg. Surapati No. 10, Makassar, SN 68127",Islam,+6287210279220,nadia.puspita@mail.com,5760824085056206,Hamima Laksita
Elvina Agustina,1352023315692969,Padang,19-05-1993,Wanita,Kawin,"Jalan Medokan Ayu No. 193, Bandar Lampung, SU 34126",Kristen,+6285075279156,elvina.agustina@mail.com,0252089743173475,Ulya Uyainah
Eko Simanjuntak,6498178963718464,Sungai Penuh,11-03-1997,Pria,Belum Kawin,"Jalan Waringin No. 5, Madiun, Sulawesi Selatan 34228",Katolik,+6285410454387,eko.simanjuntak@yahoo.com,5040842173964685,Shakila Wijayanti
Kania Yuliarti,2624968806462554,Palu,16-11-2004,Wanita,Kawin,"Jl. Kutai No. 936, Surabaya, SU 14652",Kristen,+6283436721441,kania.yuliarti@example.org,7425839750026700,Siti Kuswandari
Salsabila Laksita,6554051159804204,Palangkaraya,16-10-1997,Wanita,Kawin,"Jalan Soekarno Hatta No. 3, Tanjungbalai, Sulawesi Tenggara 32382",Islam,+6286395493507,salsabila.laksita@outlook.com,2778318550798363,Zelaya Fujiati
Ana Maryati,9234918197309664,Banjarbaru,04-11-2000,Wanita,Kawin,"Gang Gedebage Selatan No. 952, Tarakan, Sulawesi Tengah 37285",Kristen,+6285505943789,ana.maryati@mail.com,2787260620429049,Irma Rahmawati
Eja Prabowo,9454896612827733,Banda Aceh,29-05-2005,Pria,Belum Kawin,"Gg. S. Parman No. 306, Depok, DKI Jakarta 15055",Kristen,+6288905683323,eja.prabowo@mail.com,6766557587908266,Almira Novitasari
Bagya Firgantoro,1808608415916063,Semarang,05-10-2002,Pria,Belum Kawin,"Gg. Peta No. 5, Parepare, Sulawesi Tenggara 74962",Kristen,+6282027425963,bagya.firgantoro@mail.com,1102606429834060,Jessica Astuti
Dewi Wulandari,7526060116486369,Serang,01-03-1994,Wanita,Kawin,"Gang K.H. Wahid Hasyim No. 1, Malang, Kalimantan Selatan 38869",Kristen,+6280519048322,dewi.wulandari@yahoo.com,7316701009300961,Puti Kuswandari
Amalia Nuraini,4677477010641805,Cirebon,16-04-1999,Wanita,Kawin,"Jl. Soekarno Hatta No. 22, Tual, KR 50013",Kristen,+6283622810651,amalia.nuraini@example.org,6595004858279966,Yessi Usamah
Rusman Narpati,2735600546637089,Batam,14-06-2004,Pria,Kawin,"Jalan Waringin No. 7, Cilegon, KU 59073",Kristen,+6282841787369,rusman.narpati@yahoo.com,4014575593408827,Aisyah Pratiwi
Devi Anggraini,5763453377166266,Surakarta,02-02-2005,Wanita,Kawin,"Jl. Jend. Sudirman No. 903, Madiun, MU 16316",Kristen,+6287861596567,devi.anggraini@mail.com,3173731560750110,Siti Uyainah
Gabriella Andriani,9634061584648544,Makassar,22-10-1993,Wanita,Belum Kawin,"Jalan Ciumbuleuit No. 788, Sabang, YO 48782",Katolik,+6287520859619,gabriella.andriani@yahoo.com,8148153002344329,Kiandra Novitasari
Cawisono Sihombing,7608423678299768,Metro,05-02-1999,Pria,Kawin,"Gang Rajiman No. 38, Singkawang, Sulawesi Selatan 11813",Islam,+6286523130079,cawisono.sihombing@yahoo.com,0848953066392483,Hana Permata
Padmi Yuliarti,2047936387910749,Padang Sidempuan,05-06-2006,Wanita,Kawin,"Gg. Pasteur No. 75, Singkawang, JT 46313",Islam,+6283833609139,padmi.yuliarti@example.org,8976217499700241,Pia Sudiati
Kiandra Rahimah,8007275811167540,Pasuruan,06-11-2007,Wanita,Belum Kawin,"Jl. Ir. H. Djuanda No. 81, Depok, KU 77589",Katolik,+6285141962006,kiandra.rahimah@gmail.com,3555953806401764,Anita Namaga
Jane Nuraini,0040180799356636,Lubuklinggau,16-12-1993,Wanita,Kawin,"Gg. Rumah Sakit No. 02, Palu, Papua 39440",Islam,+6286471800085,jane.nuraini@yahoo.com,1706107386558759,Azalea Padmasari
Cahyo Sirait,6491573304115331,Cirebon,23-05-2006,Pria,Kawin,"Jl. PHH. Mustofa No. 990, Samarinda, KI 93912",Islam,+6289348340753,cahyo.sirait@example.org,3233475143332654,Kayla Novitasari
Kamila Safitri,9651313429919458,Dumai,06-08-2003,Wanita,Belum Kawin,"Gg. Ahmad Yani No. 0, Lubuklinggau, KR 38307",Katolik,+6283056064458,kamila.safitri@example.org,9272547497131839,Almira Laksmiwati
Diah Oktaviani,1915363349174420,Pontianak,08-09-2005,Wanita,Kawin,"Jalan Otto Iskandardinata No. 37, Kotamobagu, LA 52984",Kristen,+6284374775708,diah.oktaviani@yahoo.com,8606216510304997,Tantri Widiastuti
Halima Halimah,4132589508025317,Subulussalam,04-06-1996,Wanita,Belum Kawin,"Jalan Soekarno Hatta No. 435, Sorong, Aceh 90421",Islam,+6284639596050,halima.halimah@gmail.com,7747110648214132,Sakura Zulaika
Rachel Hariyah,9559174820029808,Mojokerto,26-07-2004,Wanita,Belum Kawin,"Jalan Soekarno Hatta No. 69, Tidore Kepulauan, BB 67440",Islam,+6284170499221,rachel.hariyah@example.org,1318668175574862,Dina Rahmawati
Cakrawala Hutagalung,7632622044354333,Sibolga,02-12-1996,Pria,Kawin,"Gg. Gardujati No. 175, Kota Administrasi Jakarta Selatan, MU 97165",Katolik,+6283729909619,cakrawala.hutagalung@yahoo.com,6119214251323249,Mutia Pertiwi
Olga Wijaya,4249724396387350,Tanjungpinang,15-10-2000,Pria,Belum Kawin,"Gang Stasiun Wonokromo No. 15, Gorontalo, Jawa Tengah 93408",Katolik,+6286612594131,olga.wijaya@example.org,6181409315408844,Zulaikha Sudiati
Diana Hastuti,7526471603679568,Pariaman,20-04-2003,Wanita,Belum Kawin,"Jl. Cikutra Barat No. 12, Palopo, KU 21364",Kristen,+6288951722638,diana.hastuti@outlook.com,2547491319746224,Vanya Palastri
Parman Nashiruddin,9890049334481736,Bandar Lampung,04-10-1995,Pria,Kawin,"Gang Sukajadi No. 27, Gorontalo, Jawa Barat 36561",Islam,+6288110975190,parman.nashiruddin@gmail.com,9070735796600891,Rini Mulyani
Heryanto Iswahyudi,4350843002862113,Padang Sidempuan,13-01-2006,Pria,Kawin,"Gang R.E Martadinata No. 2, Bitung, Sumatera Barat 16689",Katolik,+6282823897823,heryanto.iswahyudi@mail.com,0844257654861522,Padma Zulaika
Nardi Anggriawan,4873382258802082,Tidore Kepulauan,05-11-1993,Pria,Kawin,"Gang Cihampelas No. 20, Purwokerto, Nusa Tenggara Timur 82403",Katolik,+6283438701605,nardi.anggriawan@yahoo.com,8951598892958702,Karimah Wulandari
Unjani Zulaika,0352091680465006,Batu,21-03-2003,Wanita,Belum Kawin,"Jl. Jayawijaya No. 815, Bengkulu, BB 19193",Islam,+6284213019365,unjani.zulaika@outlook.com,9220587193554480,Yance Haryanti
Irfan Maheswara,2759449620511329,Pontianak,28-04-1997,Pria,Kawin,"Jl. Cihampelas No. 34, Samarinda, SS 93075",Katolik,+6281542121583,irfan.maheswara@gmail.com,5611171354948753,Citra Nasyiah
Baktiono Natsir,1909400669050338,Padang Sidempuan,15-07-1995,Pria,Belum Kawin,"Jl. PHH. Mustofa No. 475, Kota Administrasi Jakarta Barat, Sumatera Selatan 59330",Kristen,+6289663412041,baktiono.natsir@example.org,9289902945521723,Latika Widiastuti
Zulaikha Suryatmi,0621269831321130,Binjai,24-02-2005,Wanita,Kawin,"Gg. BKR No. 340, Sibolga, Sumatera Selatan 79526",Islam,+6284242375643,zulaikha.suryatmi@gmail.com,4441202908110277,Maimunah Hassanah
Kasim Sihombing,0906707023950779,Palangkaraya,21-10-1993,Pria,Belum Kawin,"Jalan Wonoayu No. 614, Sungai Penuh, BT 29433",Katolik,+6284959567785,kasim.sihombing@outlook.com,9330779847067839,Raisa Wulandari
Balidin Damanik,4746983023387052,Palembang,08-03-2000,Pria,Belum Kawin,"Gang Sentot Alibasa No. 6, Palangkaraya, KT 06049",Islam,+6283156790609,balidin.damanik@outlook.com,3762052633424441,Ilsa Rahimah
Clara Mayasari,8737689615713765,Mojokerto,25-04-1997,Wanita,Kawin,"Gang H.J Maemunah No. 5, Sorong, Riau 60234",Kristen,+6286747628722,clara.mayasari@example.org,0655207279632945,Elma Andriani
Setya Tarihoran,2904103608519069,Jambi,15-07-1997,Pria,Belum Kawin,"Jalan Ronggowarsito No. 5, Tarakan, Kalimantan Tengah 87375",Katolik,+6281746370016,setya.tarihoran@gmail.com,4305861095604141,Winda Agustina
Violet Zulaika,1020446791611849,Banjarmasin,01-04-2003,Wanita,Kawin,"Jl. Ahmad Yani No. 4, Bontang, SU 98580",Katolik,+6289668968611,violet.zulaika@yahoo.com,5078771573602711,Almira Kusmawati
Gina Purwanti,6957404073954638,Tidore Kepulauan,11-01-1997,Wanita,Belum Kawin,"Jl. Suryakencana No. 87, Denpasar, YO 38523",Kristen,+6280331063181,gina.purwanti@example.org,2721272682251660,Vivi Purnawati
Jasmin Nasyiah,2284347718657767,Palopo,13-07-2005,Wanita,Kawin,"Gang Dipenogoro No. 882, Meulaboh, SU 69344",Katolik,+6288340265424,jasmin.nasyiah@yahoo.com,3418058589515081,Yessi Laksmiwati
Hamzah Nababan,3964052619009292,Bontang,09-08-1993,Pria,Kawin,"Gang Erlangga No. 387, Langsa, Banten 67477",Kristen,+6286057892522,hamzah.nababan@gmail.com,3859301133437526,Janet Haryanti
Estiawan Manullang,4103475869504080,Tanjungbalai,16-05-1999,Pria,Kawin,"Gang Pelajar Pejuang No. 850, Salatiga, KI 58069",Islam,+6282557789927,estiawan.manullang@yahoo.com,7270324852294674,Gawati Novitasari
Ratih Widiastuti,4257923064428514,Bekasi,02-09-1999,Wanita,Belum Kawin,"Jalan Cihampelas No. 133, Semarang, KT 59842",Islam,+6283866264294,ratih.widiastuti@gmail.com,5233937777312212,Dina Hastuti
Qori Halimah,3875487154865609,Magelang,28-04-2004,Wanita,Kawin,"Jalan Kiaracondong No. 5, Semarang, AC 17653",Islam,+6288364504880,qori.halimah@gmail.com,8005377086645409,Elma Novitasari
Salwa Yuliarti,9687863314833892,Tidore Kepulauan,30-05-2005,Wanita,Belum Kawin,"Jl. Ir. H. Djuanda No. 3, Probolinggo, Sulawesi Tengah 70949",Katolik,+6287581190910,salwa.yuliarti@outlook.com,9377673819314300,Jelita Handayani
Rini Hastuti,4308804979505069,Palu,08-02-2001,Wanita,Kawin,"Jalan Asia Afrika No. 162, Pagaralam, AC 67921",Katolik,+6288357474293,rini.hastuti@outlook.com,5356015985129121,Yance Suryatmi
Maras Utama,0480540734257630,Sawahlunto,23-03-1998,Pria,Kawin,"Gg. Moch. Toha No. 2, Pontianak, BB 33078",Islam,+6286007703312,maras.utama@example.org,7705250636531695,Samiah Kusmawati
Koko Prabowo,1446857609845638,Jayapura,30-08-1998,Pria,Belum Kawin,"Jl. Pasirkoja No. 6, Subulussalam, KR 75936",Islam,+6288149760797,koko.prabowo@outlook.com,9930501730428544,Ratih Nurdiyanti
Yahya Pangestu,3545513944068874,Depok,10-02-1999,Pria,Belum Kawin,"Jalan W.R. Supratman No. 103, Bandung, SS 81741",Islam,+6289497099937,yahya.pangestu@outlook.com,5323213831590059,Tira Wijayanti
Martani Marbun,8520959857049941,Kota Administrasi Jakarta Selatan,23-08-2004,Pria,Belum Kawin,"Gg. KH Amin Jasuta No. 66, Sibolga, JI 03698",Islam,+6287581270990,martani.marbun@mail.com,0426736528016285,Ulya Nasyiah
Ikhsan Waskita,0043624360700988,Bandar Lampung,29-10-1996,Pria,Kawin,"Jl. Dipenogoro No. 0, Palopo, PB 48217",Islam,+6284312430568,ikhsan.waskita@gmail.com,6936959628267539,Genta Kuswandari
Mulya Damanik,4065186422839402,Pangkalpinang,10-08-2007,Pria,Kawin,"Jl. Surapati No. 699, Sabang, NB 27539",Kristen,+6288439945154,mulya.damanik@gmail.com,0262737260652237,Yulia Usamah
Syahrini Winarsih,2872168418741514,Bima,02-08-2001,Wanita,Belum Kawin,"Jalan Monginsidi No. 4, Kota Administrasi Jakarta Pusat, MA 61142",Islam,+6289666482378,syahrini.winarsih@gmail.com,3301011839143377,Ilsa Agustina
Narji Iswahyudi,6647484223197322,Batam,25-09-2006,Pria,Belum Kawin,"Gang Medokan Ayu No. 204, Bitung, NT 90432",Katolik,+6280505000959,narji.iswahyudi@gmail.com,8351792571546008,Vicky Kusmawati
Kiandra Puspasari,1517290705738678,Bitung,11-12-1999,Wanita,Belum Kawin,"Gg. Sentot Alibasa No. 17, Ternate, JI 38689",Islam,+6282523718639,kiandra.puspasari@example.org,6244739256202787,Iriana Zulaika
Ade Pudjiastuti,9463093217738216,Palangkaraya,13-10-2005,Wanita,Belum Kawin,"Gg. Suniaraja No. 394, Serang, SS 41875",Katolik,+6283167886621,ade.pudjiastuti@example.org,2341724518932384,Ulya Pertiwi
Fitriani Aryani,1671566339289797,Kupang,10-08-2004,Wanita,Kawin,"Jalan Lembong No. 581, Yogyakarta, BT 11315",Kristen,+6281284210755,fitriani.aryani@yahoo.com,5664548822970907,Lintang Yulianti
Laila Sudiati,9459798779981218,Blitar,14-09-1998,Wanita,Kawin,"Gg. Cihampelas No. 39, Mojokerto, BB 59413",Islam,+6280701184956,laila.sudiati@outlook.com,1715082296305556,Paulin Namaga
Clara Purwanti,6720819049799584,Jayapura,27-09-2000,Wanita,Belum Kawin,"Jl. Sukabumi No. 6, Batam, KU 23189",Kristen,+6280176478682,clara.purwanti@example.org,0075512301278110,Eka Wahyuni
Balamantri Pangestu,9364796302392356,Bukittinggi,23-11-2007,Pria,Belum Kawin,"Jl. Astana Anyar No. 3, Pekanbaru, Maluku 15313",Katolik,+6280580852488,balamantri.pangestu@yahoo.com,3628067479669062,Nadia Kusmawati
Amelia Hartati,8773538411703656,Bengkulu,02-08-1996,Wanita,Belum Kawin,"Jl. Sukabumi No. 3, Tasikmalaya, PA 52378",Islam,+6287532625640,amelia.hartati@yahoo.com,1510524702681020,Ayu Winarsih
Ajeng Mardhiyah,5310626646776955,Tidore Kepulauan,25-12-2005,Wanita,Kawin,"Gang Kutai No. 508, Batu, YO 72395",Islam,+6289613303453,ajeng.mardhiyah@gmail.com,6822220431098310,Lintang Utami
Karta Narpati,6863395454253597,Kupang,20-12-1996,Pria,Kawin,"Jalan Ahmad Dahlan No. 12, Pagaralam, JI 23302",Islam,+6286657509925,karta.narpati@example.org,5456958595390393,Rachel Purnawati
Cornelia Novitasari,1310749999465125,Batam,21-03-1996,Wanita,Kawin,"Jalan Jakarta No. 04, Singkawang, SU 61188",Katolik,+6282394024945,cornelia.novitasari@gmail.com,8689323795313408,Carla Melani
Asmianto Prayoga,0826414395315628,Batu,02-03-2006,Pria,Belum Kawin,"Jl. W.R. Supratman No. 40, Parepare, RI 59772",Kristen,+6289615480442,asmianto.prayoga@mail.com,1294746220291173,Jane Farida
Mitra Kurniawan,9331537090583395,Surakarta,11-03-2002,Pria,Kawin,"Gang BKR No. 8, Banda Aceh, SR 00897",Islam,+6280342667309,mitra.kurniawan@yahoo.com,1411659455279239,Sabrina Permata
Asirwanda Sinaga,6714841394696962,Depok,30-05-1995,Pria,Belum Kawin,"Jl. Kebonjati No. 493, Sukabumi, Papua 88149",Kristen,+6283935064018,asirwanda.sinaga@outlook.com,7081127516211512,Vanesa Suartini
Yosef Uwais,3854528042624085,Kota Administrasi Jakarta Utara,15-06-1997,Pria,Belum Kawin,"Gang Ir. H. Djuanda No. 16, Bontang, Sulawesi Barat 71478",Katolik,+6284975248357,yosef.uwais@outlook.com,1999214586279853,Victoria Oktaviani
Ilsa Laksmiwati,9839389318823357,Kota Administrasi Jakarta Utara,01-11-2004,Wanita,Belum Kawin,"Jalan Jayawijaya No. 713, Bontang, Sulawesi Tenggara 06555",Islam,+6286451366010,ilsa.laksmiwati@outlook.com,0458477312693892,Gawati Yolanda
Yuni Hariyah,2176104037429773,Cilegon,23-10-1996,Wanita,Belum Kawin,"Gang Medokan Ayu No. 259, Tanjungpinang, AC 56002",Katolik,+6282981481631,yuni.hariyah@outlook.com,0855998066564253,Carla Aryani
Mumpuni Latupono,3026869854884761,Medan,16-01-1994,Pria,Belum Kawin,"Jl. Sukajadi No. 71, Metro, SU 11325",Kristen,+6282423986761,mumpuni.latupono@yahoo.com,9200502694301698,Uli Sudiati
Ratih Kuswandari,8605849777357694,Tebingtinggi,15-09-2003,Wanita,Belum Kawin,"Jl. R.E Martadinata No. 0, Bengkulu, Bengkulu 98923",Islam,+6289927508055,ratih.kuswandari@gmail.com,0875224302126516,Ellis Susanti
Mutia Susanti,8176606260508348,Semarang,01-09-1995,Wanita,Belum Kawin,"Jl. Surapati No. 45, Pekanbaru, Sulawesi Utara 84881",Katolik,+6288857601143,mutia.susanti@example.org,6996924450552987,Natalia Usamah
Maya Usamah,2564596569726254,Padangpanjang,03-03-2003,Wanita,Belum Kawin,"Jl. Cikutra Barat No. 677, Sorong, JK 09276",Islam,+6285686748605,maya.usamah@example.org,0763897408937372,Jessica Nasyiah
Kartika Widiastuti,4954729526300218,Sabang,17-09-1993,Wanita,Belum Kawin,"Gang W.R. Supratman No. 7, Singkawang, BE 07700",Islam,+6280315418441,kartika.widiastuti@mail.com,5421889676825081,Cindy Halimah
Rika Mardhiyah,0511444112732764,Sabang,07-07-1998,Wanita,Kawin,"Jalan Rajawali Barat No. 7, Denpasar, Sulawesi Tengah 57681",Islam,+6284008525702,rika.mardhiyah@example.org,7256700358022208,Shakila Nasyiah
Jessica Hassanah,8702235781991024,Sungai Penuh,07-03-1998,Wanita,Belum Kawin,"Gg. Rajawali Timur No. 0, Palu, Kepulauan Riau 79153",Islam,+6281328219103,jessica.hassanah@yahoo.com,1972587535424881,Cinta Halimah
Viman Tarihoran,2327298225349396,Pariaman,28-05-2002,Pria,Kawin,"Gang Ahmad Dahlan No. 1, Magelang, SU 42613",Islam,+6283623982686,viman.tarihoran@yahoo.com,6556480642923064,Laras Anggraini
Bella Yolanda,4708370010101786,Ambon,01-11-2004,Wanita,Kawin,"Jalan Ir. H. Djuanda No. 21, Sawahlunto, BT 93307",Islam,+6286029031198,bella.yolanda@outlook.com,8959188756553427,Sari Usada
Teguh Napitupulu,7893369544312016,Langsa,03-03-1999,Pria,Kawin,"Jalan Dipatiukur No. 9, Banjar, Kalimantan Utara 65468",Islam,+6286969498275,teguh.napitupulu@outlook.com,4305067689651806,Puput Wijayanti
Bagya Samosir,0647434079487250,Batu,02-04-2006,Pria,Belum Kawin,"Jalan Laswi No. 10, Sawahlunto, SN 11381",Kristen,+6289754144828,bagya.samosir@yahoo.com,4939522705817805,Talia Suryatmi
Puspa Fujiati,7556905419544954,Mojokerto,15-01-2007,Wanita,Kawin,"Jalan Ciwastra No. 06, Cirebon, Sumatera Selatan 07573",Islam,+6287007054871,puspa.fujiati@mail.com,3534830860972491,Chelsea Nurdiyanti
Limar Samosir,5532168218047246,Tanjungbalai,19-10-1994,Pria,Belum Kawin,"Jalan Medokan Ayu No. 028, Pekanbaru, Maluku Utara 94853",Kristen,+6288876833509,limar.samosir@gmail.com,8521473581045524,Dinda Wahyuni
Leo Widodo,9407818297096830,Surakarta,25-06-2005,Pria,Kawin,"Gang M.T Haryono No. 68, Kendari, Sumatera Utara 72451",Katolik,+6283923465070,leo.widodo@yahoo.com,7830608485293572,Lidya Pratiwi
Banawa Napitupulu,4047660799567433,Tanjungpinang,19-09-2005,Pria,Kawin,"Gang Tubagus Ismail No. 7, Metro, Sumatera Utara 18759",Kristen,+6288540418610,banawa.napitupulu@gmail.com,9381799981976525,Zelda Maryati
Aisyah Halimah,6775307822051405,Sabang,02-08-2003,Wanita,Kawin,"Gang M.T Haryono No. 220, Gorontalo, SS 19255",Katolik,+6289718132924,aisyah.halimah@yahoo.com,4619575065573119,Febi Purnawati
Ghaliyati Hartati,6425057032706506,Batu,11-04-1995,Wanita,Belum Kawin,"Gang Suniaraja No. 7, Kupang, Jawa Barat 16791",Katolik,+6285166785491,ghaliyati.hartati@gmail.com,7872084655267909,Elma Puspita
Violet Usada,0867183783289123,Samarinda,30-11-2003,Wanita,Belum Kawin,"Gg. Erlangga No. 12, Magelang, Banten 99742",Islam,+6287222580849,violet.usada@outlook.com,7502093308261802,Michelle Melani
Uli Aryani,1721756260871360,Pontianak,05-02-2002,Wanita,Kawin,"Jl. Kendalsari No. 9, Pangkalpinang, Aceh 53788",Kristen,+6281503575414,uli.aryani@gmail.com,2504314959124833,Salsabila Namaga
Ade Hasanah,3046823681061830,Subulussalam,29-08-1998,Wanita,Belum Kawin,"Jl. Laswi No. 32, Kupang, Jawa Barat 28830",Islam,+6280908177089,ade.hasanah@gmail.com,2340166373276934,Gilda Namaga
Yuliana Yuliarti,8232491826907965,Pariaman,17-06-1998,Wanita,Kawin,"Jalan Otto Iskandardinata No. 771, Sukabumi, Kepulauan Riau 68330",Katolik,+6285554842525,yuliana.yuliarti@outlook.com,5513791792181382,Kasiyah Yuniar
Maryanto Wibisono,3215794330158676,Banda Aceh,25-02-2002,Pria,Belum Kawin,"Gang Jend. Sudirman No. 546, Meulaboh, SN 81327",Islam,+6289531675635,maryanto.wibisono@gmail.com,4861280360008178,Kasiyah Utami
Bala Pradipta,6971078449412024,Banjar,27-08-2000,Pria,Kawin,"Jalan Peta No. 55, Tangerang Selatan, Maluku Utara 71652",Katolik,+6288741593216,bala.pradipta@gmail.com,3110477057484699,Ina Melani
Janet Novitasari,0456672660579079,Tomohon,08-01-1993,Wanita,Kawin,"Gang Tebet Barat Dalam No. 316, Tidore Kepulauan, GO 76703",Katolik,+6280084618530,janet.novitasari@yahoo.com,4905437943297855,Gilda Wastuti
Victoria Melani,2142612540641492,Bau-Bau,05-04-1994,Wanita,Belum Kawin,"Gg. Asia Afrika No. 251, Banjarmasin, Sumatera Selatan 81980",Kristen,+6283655638423,victoria.melani@example.org,3347504836748041,Olivia Puspasari
Shakila Safitri,2143502353277844,Bau-Bau,14-02-2005,Wanita,Kawin,"Jl. Suryakencana No. 01, Subulussalam, Kalimantan Timur 42175",Katolik,+6282052466133,shakila.safitri@outlook.com,2437417261188525,Hana Lailasari
Kacung Situmorang,3466559792891684,Sungai Penuh,20-07-2004,Pria,Kawin,"Gg. Raya Ujungberung No. 461, Pematangsiantar, Nusa Tenggara Barat 97908",Katolik,+6287252990079,kacung.situmorang@yahoo.com,1244544680353763,Tina Handayani
Tami Hastuti,1819688956813822,Bengkulu,18-02-2004,Wanita,Kawin,"Gg. Ahmad Dahlan No. 49, Serang, Kalimantan Tengah 16023",Islam,+6285402540990,tami.hastuti@gmail.com,5946567487120304,Zelda Usada
Tiara Fujiati,7287097591497589,Magelang,22-03-1999,Wanita,Belum Kawin,"Gang Moch. Toha No. 933, Malang, Bengkulu 98040",Islam,+6289896227063,tiara.fujiati@outlook.com,9770386904238414,Talia Uyainah
Ilsa Rahayu,6173388039474240,Batu,03-12-1996,Wanita,Belum Kawin,"Jalan Sukajadi No. 773, Pagaralam, BT 42918",Kristen,+6282044553713,ilsa.rahayu@example.org,5580921413746684,Faizah Puspita
Queen Rahmawati,3019505857760731,Jambi,15-04-1993,Wanita,Belum Kawin,"Jalan Siliwangi No. 5, Tomohon, Sulawesi Tengah 92753",Islam,+6287628321971,queen.rahmawati@example.org,9267858683158396,Iriana Wulandari
Jinawi Maryadi,2838130132367104,Tanjungbalai,14-10-1994,Pria,Belum Kawin,"Jalan Tubagus Ismail No. 2, Kendari, Kalimantan Selatan 09701",Kristen,+6282087285039,jinawi.maryadi@outlook.com,4974892753965990,Dinda Riyanti
Eka Namaga,9127168565876876,Bau-Bau,10-02-2006,Wanita,Belum Kawin,"Gang Wonoayu No. 497, Denpasar, Sumatera Barat 59822",Islam,+6284582774805,eka.namaga@example.org,4451844592413269,Maida Hariyah
Nadia Riyanti,3286064120589861,Probolinggo,29-03-2004,Wanita,Belum Kawin,"Jl. Tubagus Ismail No. 685, Sibolga, AC 55118",Islam,+6281576170576,nadia.riyanti@mail.com,3620597435466386,Ana Prastuti
Tania Mandasari,4680934272778221,Sukabumi,23-06-2001,Wanita,Belum Kawin,"Jl. Stasiun Wonokromo No. 37, Tegal, Bengkulu 80011",Islam,+6280848779003,tania.mandasari@mail.com,0797548542768915,Yuni Namaga
Cakrajiya Utama,7437136604207184,Langsa,19-05-2002,Pria,Belum Kawin,"Jalan Kebonjati No. 64, Kotamobagu, Sulawesi Selatan 40806",Kristen,+6285829509174,cakrajiya.utama@example.org,0969314933082810,Aurora Yulianti
Yulia Laksita,6023242039209714,Denpasar,14-11-2000,Wanita,Kawin,"Gg. Kapten Muslihat No. 00, Surabaya, DKI Jakarta 57391",Katolik,+6283383954047,yulia.laksita@mail.com,4922054986017538,Elisa Wastuti
Putu Kusumo,9365462822142722,Singkawang,08-02-1996,Pria,Kawin,"Jl. M.H Thamrin No. 7, Surakarta, BT 14196",Islam,+6286179162959,putu.kusumo@yahoo.com,3690004310589932,Rahmi Mandasari
Rika Purwanti,4472218279792218,Bima,08-03-1994,Wanita,Kawin,"Gang PHH. Mustofa No. 3, Tanjungpinang, Kalimantan Barat 77892",Katolik,+6281237975214,rika.purwanti@yahoo.com,9210223938461336,Maida Yuniar
Jaka Mangunsong,6722527765520787,Padangpanjang,23-11-1997,Pria,Belum Kawin,"Jalan Pasteur No. 818, Padang Sidempuan, KB 70874",Kristen,+6288829690102,jaka.mangunsong@yahoo.com,6751562921617544,Eka Anggraini
Aisyah Fujiati,8481818525004559,Palangkaraya,22-12-2000,Wanita,Kawin,"Gang Rungkut Industri No. 0, Cimahi, Sulawesi Barat 85000",Islam,+6286479031454,aisyah.fujiati@gmail.com,8168358019740055,Halima Permata
Hamima Yulianti,3624250551065139,Kotamobagu,30-09-1998,Wanita,Kawin,"Jalan KH Amin Jasuta No. 310, Solok, NT 51674",Islam,+6284810233627,hamima.yulianti@mail.com,7356053745791381,Icha Wulandari
Vanya Pertiwi,0214968529529814,Padang Sidempuan,06-08-1996,Wanita,Kawin,"Jalan Tubagus Ismail No. 283, Cilegon, SU 16362",Katolik,+6289944135887,vanya.pertiwi@outlook.com,0893405880127896,Putri Farida
Eka Hartati,8535292496114725,Cimahi,05-04-1996,Wanita,Kawin,"Gg. Kebonjati No. 3, Pariaman, NT 69965",Katolik,+6284694874328,eka.hartati@yahoo.com,5121812207184210,Carla Namaga
Lala Yolanda,4257953459851695,Mataram,17-08-1994,Wanita,Kawin,"Gang Ciwastra No. 9, Jayapura, Kepulauan Bangka Belitung 11689",Islam,+6289367671440,lala.yolanda@mail.com,4236194362005779,Clara Hassanah
Usyi Uyainah,5682306899776253,Madiun,21-05-2002,Wanita,Kawin,"Gang Raya Setiabudhi No. 892, Cirebon, Kalimantan Barat 54445",Katolik,+6282810222018,usyi.uyainah@mail.com,9218991172646392,Dian Agustina
Kala Megantara,8316468539761960,Bontang,07-05-2000,Pria,Belum Kawin,"Jl. PHH. Mustofa No. 97, Balikpapan, DKI Jakarta 94572",Katolik,+6280619151814,kala.megantara@outlook.com,8392281923818521,Diana Nasyidah
Shania Astuti,9235506274134669,Binjai,22-07-2002,Wanita,Belum Kawin,"Gang Cihampelas No. 54, Kota Administrasi Jakarta Utara, Kalimantan Utara 43433",Katolik,+6283661797141,shania.astuti@yahoo.com,0857564626743747,Paramita Handayani
Tina Nasyiah,3910767928523258,Balikpapan,14-01-2006,Wanita,Kawin,"Jl. Setiabudhi No. 9, Kota Administrasi Jakarta Timur, Sulawesi Selatan 09996",Katolik,+6282048146076,tina.nasyiah@mail.com,7793764383925350,Aurora Farida
Lili Yolanda,6022892291744499,Dumai,29-03-2006,Wanita,Belum Kawin,"Gg. M.T Haryono No. 4, Pasuruan, Maluku 10604",Kristen,+6281114403437,lili.yolanda@yahoo.com,9505778680817016,Rahmi Laksita
Oliva Kuswandari,6201144381509544,Balikpapan,03-06-2007,Wanita,Belum Kawin,"Gg. Asia Afrika No. 183, Denpasar, Sumatera Barat 97803",Katolik,+6280045926510,oliva.kuswandari@mail.com,5745201696325746,Febi Namaga
Yessi Mardhiyah,2562080020956373,Surakarta,22-06-2005,Wanita,Kawin,"Jl. Otto Iskandardinata No. 7, Makassar, Nusa Tenggara Barat 25308",Kristen,+6284303902728,yessi.mardhiyah@gmail.com,8235530084139867,Yuni Melani
Dagel Dongoran,3486747182297686,Dumai,22-10-1999,Pria,Belum Kawin,"Gang Wonoayu No. 484, Banjar, KR 55224",Katolik,+6283177646484,dagel.dongoran@gmail.com,5903816913477140,Karen Purnawati
Salimah Namaga,1469154388777999,Tangerang,27-09-2007,Wanita,Kawin,"Gang Abdul Muis No. 8, Tidore Kepulauan, Riau 53955",Katolik,+6288949782189,salimah.namaga@mail.com,5373834011741425,Ulya Hastuti
Galih Thamrin,8437626889617814,Tegal,05-10-2005,Pria,Belum Kawin,"Gang KH Amin Jasuta No. 67, Bontang, JI 80193",Kristen,+6283176177867,galih.thamrin@example.org,3002072709840146,Ayu Suartini
Cecep Kusumo,5491813858687911,Pontianak,10-06-2002,Pria,Kawin,"Gang Raya Ujungberung No. 979, Madiun, NB 62181",Islam,+6289927537408,cecep.kusumo@outlook.com,2020572456813730,Najwa Melani
Azalea Kusmawati,1974428158017771,Balikpapan,24-10-1993,Wanita,Belum Kawin,"Jalan Ir. H. Djuanda No. 39, Dumai, Sumatera Barat 44665",Kristen,+6286428285639,azalea.kusmawati@example.org,9983783450287411,Queen Usamah
Violet Pratiwi,3293764297086773,Kota Administrasi Jakarta Selatan,29-04-2002,Wanita,Belum Kawin,"Gang Dr. Djunjunan No. 65, Tarakan, KS 64163",Katolik,+6280816591879,violet.pratiwi@example.org,4583094730722738,Farhunnisa Anggraini
Gandi Sihombing,1696371019383598,Ambon,27-12-1993,Pria,Kawin,"Gang Jend. Sudirman No. 6, Pekalongan, Kepulauan Riau 19605",Kristen,+6282582575348,gandi.sihombing@example.org,6266344017074282,Yessi Handayani
Lintang Permata,2233305350651445,Subulussalam,08-12-1998,Wanita,Kawin,"Jl. M.H Thamrin No. 3, Sukabumi, JK 51868",Kristen,+6282089583041,lintang.permata@example.org,9389003241858723,Ika Mulyani
Maimunah Fujiati,8627410914466766,Bau-Bau,18-02-1994,Wanita,Belum Kawin,"Gang Rawamangun No. 3, Tegal, PB 38083",Kristen,+6285834005949,maimunah.fujiati@yahoo.com,8359675889660011,Ilsa Halimah
Gina Mandasari,5924329808941251,Payakumbuh,29-10-2001,Wanita,Belum Kawin,"Gang Suniaraja No. 684, Kota Administrasi Jakarta Utara, BA 31396",Katolik,+6282803165065,gina.mandasari@gmail.com,2684625881556967,Wani Handayani
Mahmud Irawan,5231142546728950,Kotamobagu,09-10-1999,Pria,Belum Kawin,"Gg. Cikutra Barat No. 22, Pematangsiantar, SU 07216",Islam,+6286788231791,mahmud.irawan@gmail.com,7983600283561342,Suci Usada
Hafshah Laksita,8821464378585898,Pematangsiantar,08-12-2005,Wanita,Belum Kawin,"Gang KH Amin Jasuta No. 66, Pariaman, Kalimantan Tengah 36137",Islam,+6283725673473,hafshah.laksita@yahoo.com,1076529968990576,Ghaliyati Hasanah
Hana Rahimah,2519089850560957,Bekasi,09-07-1994,Wanita,Belum Kawin,"Jl. Jend. Sudirman No. 67, Pangkalpinang, Maluku 73888",Kristen,+6284522311622,hana.rahimah@example.org,7403053332233118,Dina Farida
Heryanto Gunawan,9461329243745675,Bekasi,17-10-1994,Pria,Kawin,"Gg. Jend. A. Yani No. 21, Jayapura, Papua 54528",Kristen,+6282623575273,heryanto.gunawan@outlook.com,2724063566696317,Rika Usamah
Fitria Palastri,7464666881557710,Pekalongan,18-03-2006,Wanita,Kawin,"Jl. Kendalsari No. 2, Kota Administrasi Jakarta Utara, JB 39238",Katolik,+6285359355160,fitria.palastri@outlook.com,9697991381039211,Melinda Nasyidah
Usyi Wulandari,9595117920230398,Tangerang,27-07-2004,Wanita,Kawin,"Gg. Joyoboyo No. 237, Kediri, MA 86128",Islam,+6284169983223,usyi.wulandari@gmail.com,9240965073360807,Vanya Halimah
Azalea Haryanti,1422794965885910,Pasuruan,18-07-2005,Wanita,Kawin,"Jl. Yos Sudarso No. 469, Semarang, SB 07819",Katolik,+6288509864610,azalea.haryanti@yahoo.com,3187683969390507,Hamima Wahyuni
Zulaikha Mayasari,5940451427548952,Bukittinggi,27-03-1999,Wanita,Belum Kawin,"Jl. Otto Iskandardinata No. 6, Palopo, Nusa Tenggara Timur 33624",Kristen,+6286789719000,zulaikha.mayasari@example.org,9762548012704155,Kayla Susanti
Jelita Handayani,7635253330075841,Dumai,21-02-2004,Wanita,Belum Kawin,"Gang Ronggowarsito No. 28, Samarinda, KB 14543",Kristen,+6282605407261,jelita.handayani@outlook.com,1877495383940414,Puspa Andriani
Ajeng Farida,8142797829706110,Tegal,06-12-2006,Wanita,Belum Kawin,"Gg. Sukabumi No. 023, Kota Administrasi Jakarta Barat, Sulawesi Tenggara 67112",Islam,+6286345182448,ajeng.farida@mail.com,0320257544614549,Kezia Lailasari
Lalita Handayani,0516944115122122,Kotamobagu,19-11-2001,Wanita,Belum Kawin,"Gang Surapati No. 28, Tasikmalaya, Sumatera Barat 59917",Kristen,+6283251639711,lalita.handayani@yahoo.com,3302696203831479,Elma Wijayanti
Margana Suwarno,2177463955388499,Pagaralam,10-11-1999,Pria,Kawin,"Jalan Ahmad Dahlan No. 80, Kota Administrasi Jakarta Utara, LA 38556",Islam,+6284091373183,margana.suwarno@outlook.com,6767106043657498,Hamima Purnawati
Paiman Utama,3398744916024965,Tomohon,12-08-2007,Pria,Belum Kawin,"Jl. Ronggowarsito No. 983, Ambon, BE 02536",Katolik,+6283757582888,paiman.utama@mail.com,4972834905609539,Winda Pratiwi
Arta Pradana,6110860037610742,Pekalongan,24-12-1999,Pria,Kawin,"Jl. Jamika No. 923, Ternate, Kalimantan Timur 10716",Islam,+6287392174015,arta.pradana@mail.com,0874137617710265,Hilda Mardhiyah
Prabowo Prasasta,8040766090117177,Mojokerto,17-07-2003,Pria,Kawin,"Gg. Sadang Serang No. 08, Ternate, ST 38781",Katolik,+6287172429626,prabowo.prasasta@gmail.com,4185569686372268,Anita Palastri
Paiman Prasetya,2773670898908988,Lhokseumawe,27-08-1996,Pria,Kawin,"Jl. Jamika No. 769, Bitung, Jambi 24524",Islam,+6282282442001,paiman.prasetya@outlook.com,4571693606820158,Zalindra Astuti
Gabriella Safitri,7014585547943697,Tarakan,21-10-2000,Wanita,Kawin,"Gang Ciumbuleuit No. 60, Sungai Penuh, SU 32942",Islam,+6287295032347,gabriella.safitri@mail.com,0718588545756604,Eka Prastuti
Qori Hassanah,1839369294323711,Pagaralam,11-09-2000,Wanita,Belum Kawin,"Jalan Kiaracondong No. 33, Tual, Bengkulu 68075",Katolik,+6282921217520,qori.hassanah@yahoo.com,1454458000143704,Victoria Agustina
Ellis Yulianti,3026129292123714,Tangerang Selatan,11-02-2007,Wanita,Belum Kawin,"Gg. S. Parman No. 071, Bengkulu, BA 31986",Islam,+6285223826326,ellis.yulianti@outlook.com,8456667196670085,Zizi Lestari
Rini Andriani,3804301642760822,Bengkulu,16-09-2006,Wanita,Kawin,"Jalan Jend. Sudirman No. 977, Sorong, Kalimantan Selatan 08930",Islam,+6281318969098,rini.andriani@yahoo.com,7811485310351249,Ajeng Wahyuni
Vanesa Safitri,5064895579939642,Pematangsiantar,26-09-1994,Wanita,Belum Kawin,"Jl. Sukajadi No. 54, Meulaboh, SG 74962",Islam,+6289581519429,vanesa.safitri@mail.com,9641195989290874,Safina Aryani
Banawi Najmudin,9891612434023201,Salatiga,05-04-1996,Pria,Kawin,"Gg. Pasirkoja No. 4, Kendari, Bali 91875",Katolik,+6281432248493,banawi.najmudin@mail.com,9206809013523589,Najwa Pratiwi
Gading Sihombing,3139834845882593,Batam,05-11-1994,Pria,Kawin,"Gg. Otto Iskandardinata No. 34, Kota Administrasi Jakarta Timur, BE 07845",Islam,+6286679709248,gading.sihombing@yahoo.com,2880853434202664,Rika Hariyah
Kenzie Gunawan,0141363209337261,Langsa,21-04-1996,Pria,Kawin,"Gang Astana Anyar No. 065, Kotamobagu, SR 68862",Katolik,+6289901892980,kenzie.gunawan@gmail.com,5663902598832379,Yuni Palastri
Maria Mardhiyah,7336169442541174,Bengkulu,12-08-1996,Wanita,Belum Kawin,"Gg. Cihampelas No. 94, Meulaboh, Nusa Tenggara Barat 72795",Katolik,+6281073203593,maria.mardhiyah@outlook.com,7295187434334264,Umi Suartini
Laswi Rajata,3332553211501576,Kendari,26-06-1995,Pria,Kawin,"Jalan Rajawali Timur No. 815, Cirebon, SG 96114",Islam,+6284601403324,laswi.rajata@gmail.com,8386776674720418,Raina Aryani
Nasim Adriansyah,7904570439146114,Subulussalam,03-10-2007,Pria,Belum Kawin,"Gg. Kapten Muslihat No. 49, Kota Administrasi Jakarta Selatan, DI Yogyakarta 53127",Kristen,+6280351681187,nasim.adriansyah@outlook.com,4929858130337699,Jessica Laksmiwati
Jane Pratiwi,2788527182766107,Bandung,21-04-1994,Wanita,Kawin,"Gang Moch. Ramdan No. 4, Cilegon, KS 63188",Kristen,+6285819536477,jane.pratiwi@yahoo.com,3741424804986530,Oliva Utami
Humaira Widiastuti,0272125567959120,Parepare,09-04-1998,Wanita,Kawin,"Jl. Lembong No. 14, Ambon, JA 17142",Katolik,+6288019598896,humaira.widiastuti@gmail.com,6053683513110049,Diah Kusmawati
Ira Wastuti,0557857455331316,Bekasi,21-09-1997,Wanita,Kawin,"Jl. R.E Martadinata No. 6, Pagaralam, BT 64689",Katolik,+6285673167378,ira.wastuti@mail.com,7773671077769777,Sari Mayasari
Tasnim Prasetya,9197996594083541,Ambon,15-04-2001,Pria,Kawin,"Jl. Ahmad Yani No. 68, Ternate, KB 64008",Islam,+6281148608760,tasnim.prasetya@example.org,6229702776322097,Cinthia Yuliarti
Ajiman Saragih,5945571874875896,Denpasar,15-09-2007,Pria,Belum Kawin,"Gang W.R. Supratman No. 585, Jambi, JI 20940",Katolik,+6280836112668,ajiman.saragih@gmail.com,8186499108402669,Puput Puspita
Wasis Prakasa,4186512866376327,Samarinda,15-09-2006,Pria,Kawin,"Gg. Pasirkoja No. 735, Pekanbaru, Lampung 79177",Islam,+6284970969107,wasis.prakasa@yahoo.com,8328947624924314,Jane Mardhiyah
Jais Prakasa,0082236010418470,Bengkulu,13-01-2000,Pria,Kawin,"Jalan Cihampelas No. 865, Manado, NT 73944",Katolik,+6283661679514,jais.prakasa@mail.com,2673052049609593,Agnes Laksita
Paramita Mandasari,5027542309765439,Cirebon,14-01-1993,Wanita,Kawin,"Gg. Asia Afrika No. 78, Pariaman, KI 37833",Islam,+6280559451225,paramita.mandasari@mail.com,5075507538362456,Fathonah Permata
Rendy Budiman,7618873334669712,Kota Administrasi Jakarta Selatan,14-11-1997,Pria,Belum Kawin,"Jalan Jakarta No. 12, Subulussalam, SG 47139",Katolik,+6288026912624,rendy.budiman@yahoo.com,7808552990162799,Gilda Anggraini
Ilsa Fujiati,4395141945935578,Kupang,10-07-1994,Wanita,Kawin,"Jalan Rajawali Barat No. 3, Padangpanjang, SU 40485",Islam,+6288155220601,ilsa.fujiati@gmail.com,0172661988307035,Agnes Rahayu
Latika Nurdiyanti,7864764027247915,Pematangsiantar,25-02-1997,Wanita,Kawin,"Jalan Ronggowarsito No. 3, Semarang, SR 46778",Islam,+6285718070620,latika.nurdiyanti@example.org,3027564762172246,Kartika Nuraini
Rika Prastuti,4887592507324673,Kediri,27-12-2003,Wanita,Kawin,"Jalan Cikutra Timur No. 09, Binjai, YO 91253",Katolik,+6281629173328,rika.prastuti@yahoo.com,8264628161532356,Cindy Wulandari
Tirtayasa Hidayat,5428221384923945,Kota Administrasi Jakarta Pusat,30-03-2006,Pria,Belum Kawin,"Gg. Moch. Toha No. 97, Singkawang, Sulawesi Tenggara 14662",Katolik,+6283948619596,tirtayasa.hidayat@example.org,5443911172197560,Genta Yuniar
Chelsea Rahimah,8481058952039509,Tomohon,28-10-2000,Wanita,Belum Kawin,"Jl. Sadang Serang No. 38, Pariaman, Nusa Tenggara Timur 21656",Kristen,+6287809141816,chelsea.rahimah@mail.com,5076231147235343,Dian Mardhiyah
Gada Saefullah,8296251289403738,Bima,30-07-2001,Pria,Belum Kawin,"Jl. Laswi No. 04, Lhokseumawe, RI 39091",Katolik,+6284571747291,gada.saefullah@example.org,0617122291095716,Vivi Riyanti
Eli Fujiati,9547891522774122,Cimahi,08-02-2005,Wanita,Kawin,"Jl. Cikutra Barat No. 874, Metro, Kalimantan Timur 81600",Kristen,+6288894471630,eli.fujiati@mail.com,2107120372781782,Rini Wulandari
Fitriani Maryati,0195924013761732,Banjar,30-05-1996,Wanita,Belum Kawin,"Gg. Joyoboyo No. 98, Padangpanjang, Sulawesi Tengah 89764",Islam,+6283289934276,fitriani.maryati@example.org,0298386278067463,Ana Melani
Padma Aryani,9439304260274580,Tanjungbalai,02-03-1998,Wanita,Kawin,"Jalan Stasiun Wonokromo No. 08, Pematangsiantar, BT 70019",Kristen,+6286258271912,padma.aryani@outlook.com,6277049327397422,Cornelia Wijayanti
Kani Yuliarti,5499077248050725,Banjar,08-08-1998,Wanita,Belum Kawin,"Gg. Pasirkoja No. 2, Singkawang, LA 43095",Kristen,+6280275663558,kani.yuliarti@gmail.com,4990533502088899,Raisa Nuraini
Danu Sihotang,9498018355302129,Langsa,22-12-1999,Pria,Belum Kawin,"Jalan Gegerkalong Hilir No. 518, Subulussalam, Kalimantan Barat 58150",Kristen,+6287502006823,danu.sihotang@gmail.com,2857170109896786,Vanesa Hassanah
Maya Fujiati,0559021176011008,Dumai,21-06-1996,Wanita,Kawin,"Gang Dipenogoro No. 076, Malang, Nusa Tenggara Barat 17400",Islam,+6284397709583,maya.fujiati@yahoo.com,9586929386270491,Yance Novitasari
Padma Hasanah,4409571838911945,Serang,20-08-2006,Wanita,Kawin,"Jl. Laswi No. 42, Depok, SU 10978",Kristen,+6281954115407,padma.hasanah@yahoo.com,1938798423372052,Maria Yulianti
Eka Nugroho,5157214044508120,Serang,05-09-2007,Pria,Belum Kawin,"Jl. Indragiri No. 22, Banjarbaru, Jawa Barat 15055",Islam,+6289107557975,eka.nugroho@example.org,9073730518399501,Karen Puspita
Devi Purwanti,0531742852574416,Tomohon,12-02-2005,Wanita,Kawin,"Jalan Ahmad Yani No. 17, Parepare, Sumatera Selatan 91429",Islam,+6286312087528,devi.purwanti@yahoo.com,7039558734608396,Irma Safitri
Lasmono Mahendra,5082310655074616,Tomohon,16-04-2006,Pria,Belum Kawin,"Jalan Bangka Raya No. 13, Serang, Kalimantan Timur 54920",Islam,+6281665163932,lasmono.mahendra@mail.com,8603812297625941,Syahrini Mayasari
Ani Kuswandari,7385775718505474,Pangkalpinang,01-06-2006,Wanita,Kawin,"Jalan Kendalsari No. 60, Subulussalam, Jambi 56008",Kristen,+6282221951307,ani.kuswandari@yahoo.com,8656777037280182,Diah Nuraini
Dina Rahimah,6370317225927401,Kota Administrasi Jakarta Utara,03-12-1992,Wanita,Belum Kawin,"Jalan Kendalsari No. 93, Solok, PA 89981",Katolik,+6285178731128,dina.rahimah@gmail.com,9380785394288453,Fitria Permata
Galih Saragih,5564023693140103,Binjai,17-02-1999,Pria,Belum Kawin,"Jalan Yos Sudarso No. 2, Sabang, Papua 83814",Katolik,+6282909207974,galih.saragih@example.org,9987820724094404,Dina Yuliarti
Jane Puspasari,1541412474253634,Ternate,07-02-2002,Wanita,Belum Kawin,"Jl. Tubagus Ismail No. 9, Pagaralam, Jambi 46224",Katolik,+6289595578947,jane.puspasari@mail.com,7039197645375565,Melinda Suartini
Yani Permata,7385933257732600,Semarang,20-10-1993,Wanita,Kawin,"Jl. Ahmad Dahlan No. 7, Tanjungpinang, SN 19646",Katolik,+6283346164122,yani.permata@outlook.com,7706004013072410,Safina Kusmawati
Cinthia Wulandari,7065398533441424,Manado,17-03-2001,Wanita,Belum Kawin,"Gang Otto Iskandardinata No. 080, Pagaralam, Maluku 34675",Katolik,+6281696383946,cinthia.wulandari@outlook.com,9660143368554249,Mila Oktaviani
Balapati Uwais,7495663465403336,Tasikmalaya,13-04-1996,Pria,Kawin,"Gang Raya Ujungberung No. 67, Palu, KR 51292",Kristen,+6284555789284,balapati.uwais@gmail.com,0519269307335678,Calista Pertiwi
Salwa Anggraini,3584828254078021,Probolinggo,20-01-1995,Wanita,Kawin,"Gg. H.J Maemunah No. 76, Jayapura, Maluku 04846",Islam,+6287024739802,salwa.anggraini@gmail.com,2276224922913847,Tami Safitri
Raden Pangestu,3277819002329994,Magelang,20-02-1994,Pria,Belum Kawin,"Gg. Waringin No. 73, Jambi, Sumatera Utara 89460",Islam,+6285497056778,raden.pangestu@example.org,9855875139125751,Ulva Suryatmi
Yunita Wijayanti,3494312090954869,Sawahlunto,04-10-1997,Wanita,Kawin,"Jl. Pacuan Kuda No. 32, Palopo, YO 41472",Islam,+6282004303952,yunita.wijayanti@mail.com,8719095107040170,Siti Utami
Talia Susanti,3885487128912552,Palangkaraya,22-03-1993,Wanita,Kawin,"Jalan Ir. H. Djuanda No. 6, Palangkaraya, MA 62817",Katolik,+6286200172584,talia.susanti@yahoo.com,4452263534125565,Kartika Hassanah
Victoria Nasyidah,5055065853590875,Palu,16-05-2002,Wanita,Belum Kawin,"Jl. Rajawali Barat No. 330, Lhokseumawe, Nusa Tenggara Barat 27774",Katolik,+6282837241159,victoria.nasyidah@outlook.com,8106169631205251,Gasti Widiastuti
Almira Permata,4116998486774126,Sorong,26-08-1995,Wanita,Kawin,"Jalan Rawamangun No. 871, Ternate, Jawa Barat 42923",Katolik,+6283477913825,almira.permata@gmail.com,4316522790707986,Zelaya Hasanah
Dewi Melani,5275833491329320,Mataram,24-12-1997,Wanita,Belum Kawin,"Jl. Wonoayu No. 8, Metro, Kalimantan Timur 61338",Katolik,+6287389175033,dewi.melani@yahoo.com,3176719565036322,Wulan Safitri
Sabrina Yuliarti,3371257937609341,Gorontalo,18-12-2000,Wanita,Kawin,"Jalan Sukabumi No. 42, Kota Administrasi Jakarta Pusat, BT 89781",Katolik,+6282995318763,sabrina.yuliarti@yahoo.com,2064236145556983,Unjani Oktaviani
Purwa Wibisono,6942970577248660,Depok,01-04-2004,Pria,Belum Kawin,"Jl. Laswi No. 008, Sibolga, Sumatera Utara 35545",Katolik,+6283346186637,purwa.wibisono@mail.com,1644125809770671,Zulfa Aryani
Vera Yulianti,3390535174794580,Tidore Kepulauan,19-07-2001,Wanita,Kawin,"Jl. Gardujati No. 4, Lhokseumawe, BE 30818",Kristen,+6288746409616,vera.yulianti@outlook.com,5388410008256183,Wulan Hasanah
Luthfi Mansur,6104987545908434,Meulaboh,20-05-1996,Pria,Kawin,"Gg. Ciwastra No. 8, Manado, Sumatera Barat 52957",Islam,+6280659636491,luthfi.mansur@mail.com,0764819615091332,Mila Yolanda
Alika Suartini,3569240797329903,Meulaboh,25-06-2005,Wanita,Belum Kawin,"Gg. Jayawijaya No. 014, Purwokerto, Sulawesi Selatan 42376",Katolik,+6287493246029,alika.suartini@yahoo.com,3791316839479901,Jane Lestari
Nadine Lailasari,1836534204082385,Pontianak,17-09-2005,Wanita,Kawin,"Jalan Pelajar Pejuang No. 035, Pekalongan, MA 49181",Kristen,+6287907006822,nadine.lailasari@example.org,6889922068573779,Dian Handayani
Eka Uyainah,5537897342457757,Meulaboh,16-09-1993,Wanita,Kawin,"Gang M.H Thamrin No. 97, Langsa, SR 15918",Katolik,+6284603626883,eka.uyainah@yahoo.com,1272579990241642,Irma Laksita
Vicky Puspita,3999349645420121,Tarakan,06-07-1996,Wanita,Belum Kawin,"Gg. Dipatiukur No. 11, Yogyakarta, Sulawesi Tengah 98358",Islam,+6289710424918,vicky.puspita@example.org,9949089335253502,Fitriani Winarsih
Asirwada Haryanto,6475407722069043,Madiun,17-12-1997,Pria,Belum Kawin,"Gg. S. Parman No. 299, Tangerang, Sulawesi Tenggara 36481",Kristen,+6288204893986,asirwada.haryanto@example.org,4053322187381832,Ghaliyati Susanti
Paiman Simanjuntak,4112824496135755,Surabaya,08-10-2004,Pria,Kawin,"Gg. Kendalsari No. 740, Kota Administrasi Jakarta Barat, Kepulauan Bangka Belitung 56199",Kristen,+6284432578364,paiman.simanjuntak@outlook.com,5311883483069577,Nabila Nurdiyanti
Kartika Astuti,7114104641809443,Banda Aceh,01-01-2001,Wanita,Kawin,"Jalan Moch. Ramdan No. 17, Tasikmalaya, Jawa Barat 47266",Katolik,+6289568617523,kartika.astuti@example.org,4316757442620400,Tantri Andriani
Yuni Suartini,0189729198114083,Batu,07-10-1995,Wanita,Kawin,"Jl. Tebet Barat Dalam No. 851, Madiun, Jawa Tengah 68804",Islam,+6288520128546,yuni.suartini@yahoo.com,4243235096733526,Wulan Anggraini
Natalia Winarsih,8394561482308550,Tasikmalaya,01-08-2003,Wanita,Belum Kawin,"Jalan Kendalsari No. 157, Payakumbuh, Jawa Barat 77692",Kristen,+6283768987747,natalia.winarsih@yahoo.com,8740556109478967,Agnes Novitasari
Bella Safitri,3782183938126514,Pariaman,22-05-2000,Wanita,Belum Kawin,"Gg. Ir. H. Djuanda No. 0, Prabumulih, BB 85191",Katolik,+6289311525287,bella.safitri@mail.com,6293379028897422,Siska Wastuti
Dadap Anggriawan,6487927849098119,Ternate,12-09-1996,Pria,Kawin,"Jl. Astana Anyar No. 933, Kota Administrasi Jakarta Timur, Kepulauan Riau 91059",Islam,+6287565337465,dadap.anggriawan@example.org,9178976348173359,Wani Wahyuni
Wage Nainggolan,7175286008315458,Probolinggo,16-02-1997,Pria,Kawin,"Jl. Lembong No. 4, Kota Administrasi Jakarta Utara, Jambi 00007",Islam,+6280357917839,wage.nainggolan@outlook.com,0436811931251298,Ophelia Susanti
Kurnia Saptono,5675635835132093,Palangkaraya,06-03-2001,Pria,Kawin,"Jl. Gegerkalong Hilir No. 232, Manado, Nusa Tenggara Timur 71812",Kristen,+6280081995849,kurnia.saptono@yahoo.com,7986919239247146,Nabila Lailasari
Ina Purnawati,3155782536573417,Manado,04-06-1999,Wanita,Kawin,"Gg. Jend. A. Yani No. 010, Pekalongan, JK 97782",Kristen,+6284583598411,ina.purnawati@gmail.com,5618532540837315,Ghaliyati Usada
Jatmiko Sirait,2830159361847590,Serang,25-05-2002,Pria,Kawin,"Jl. Moch. Toha No. 624, Pariaman, Jawa Timur 81690",Katolik,+6281905955246,jatmiko.sirait@mail.com,3895465314743034,Gawati Widiastuti
Irma Suryatmi,7626664187780174,Padangpanjang,13-10-2006,Wanita,Belum Kawin,"Gg. Cempaka No. 02, Kediri, Gorontalo 85827",Katolik,+6286106042618,irma.suryatmi@example.org,3608847619580311,Nabila Wastuti
Martaka Megantara,9113321589857451,Bengkulu,09-09-1997,Pria,Kawin,"Gang Cihampelas No. 85, Mojokerto, Maluku 14211",Katolik,+6282449071805,martaka.megantara@yahoo.com,2759280220057173,Vivi Laksita
Pangestu Mansur,3041206721653897,Kota Administrasi Jakarta Selatan,09-09-1999,Pria,Kawin,"Jalan Medokan Ayu No. 138, Sungai Penuh, KS 62481",Islam,+6280845848290,pangestu.mansur@yahoo.com,3099391543857287,Juli Mulyani
Nadia Utami,0242121753155752,Subulussalam,16-06-1997,Wanita,Kawin,"Gang Tebet Barat Dalam No. 2, Tanjungbalai, Sumatera Utara 89481",Islam,+6283410487741,nadia.utami@gmail.com,4884498821473678,Widya Yuniar
Violet Oktaviani,1639868838932322,Subulussalam,23-02-2004,Wanita,Belum Kawin,"Jalan K.H. Wahid Hasyim No. 320, Magelang, SG 81660",Islam,+6285076407951,violet.oktaviani@yahoo.com,8183773876989900,Wirda Astuti
Novi Winarsih,9878981843535020,Purwokerto,10-03-1996,Wanita,Belum Kawin,"Jalan M.T Haryono No. 783, Tangerang, DKI Jakarta 02258",Katolik,+6286325764763,novi.winarsih@gmail.com,6628721765574150,Cici Winarsih
Dina Hartati,6786936236340773,Banjarmasin,09-12-2006,Wanita,Kawin,"Jalan Sentot Alibasa No. 880, Sungai Penuh, SN 22006",Kristen,+6287750820799,dina.hartati@mail.com,5932949221362334,Zizi Wastuti
Ulva Zulaika,1416190602955151,Banjarbaru,20-11-1996,Wanita,Belum Kawin,"Jl. Kutai No. 4, Makassar, BT 03812",Katolik,+6280382823580,ulva.zulaika@yahoo.com,1170271721151368,Maria Rahayu
Kani Oktaviani,1123191079220135,Surabaya,14-11-1999,Wanita,Belum Kawin,"Jalan Indragiri No. 269, Kota Administrasi Jakarta Barat, LA 32675",Kristen,+6289481585354,kani.oktaviani@yahoo.com,6331029301970414,Rahayu Prastuti
Caket Prasetya,6944903190023124,Probolinggo,01-03-2003,Pria,Kawin,"Jl. Cempaka No. 429, Manado, Jawa Barat 20809",Kristen,+6282817095698,caket.prasetya@example.org,9989057360787417,Padma Rahayu
Violet Nuraini,3721400277776517,Sabang,10-11-2002,Wanita,Kawin,"Jalan Ahmad Yani No. 48, Palu, Jawa Tengah 52772",Katolik,+6284875624242,violet.nuraini@mail.com,9274363870027373,Putri Permata
Karen Fujiati,5715855456484810,Payakumbuh,08-12-1998,Wanita,Belum Kawin,"Jl. Moch. Ramdan No. 481, Subulussalam, PB 23089",Islam,+6289687085553,karen.fujiati@gmail.com,2920422944747702,Talia Yuniar
Jumari Nugroho,7941823058071792,Palu,18-03-2005,Pria,Belum Kawin,"Jl. Setiabudhi No. 57, Lubuklinggau, SG 16734",Kristen,+6283253291550,jumari.nugroho@gmail.com,0979728379414859,Vanya Nurdiyanti
Putri Laksmiwati,0691087616854604,Batu,12-03-2006,Wanita,Belum Kawin,"Jalan Ronggowarsito No. 108, Kota Administrasi Jakarta Selatan, Kalimantan Barat 63549",Kristen,+6286997806246,putri.laksmiwati@mail.com,5272415025385729,Ayu Kusmawati
Patricia Kusmawati,9751057758606987,Tegal,26-11-1999,Wanita,Belum Kawin,"Gang K.H. Wahid Hasyim No. 818, Sukabumi, Kepulauan Bangka Belitung 42807",Kristen,+6283566301539,patricia.kusmawati@outlook.com,6713113713297477,Hafshah Laksmiwati
Martani Gunarto,6652416581793444,Pematangsiantar,19-02-1995,Pria,Kawin,"Jl. R.E Martadinata No. 59, Pasuruan, LA 28297",Katolik,+6281666611296,martani.gunarto@mail.com,5838330814759433,Ifa Puspasari
Endra Kuswoyo,1188640487015738,Kota Administrasi Jakarta Utara,28-01-1999,Pria,Kawin,"Jl. Jayawijaya No. 131, Kota Administrasi Jakarta Barat, Papua 76313",Kristen,+6283999559471,endra.kuswoyo@mail.com,7794127515009463,Puti Winarsih
Cawuk Saputra,1875826026430547,Tual,11-02-2007,Pria,Kawin,"Jl. Gedebage Selatan No. 26, Sukabumi, Sulawesi Barat 48832",Kristen,+6288437994352,cawuk.saputra@yahoo.com,7168719764522863,Kani Yuniar
Winda Purnawati,3699334083279818,Blitar,04-01-2006,Wanita,Belum Kawin,"Gang Sukajadi No. 9, Bontang, KS 37421",Islam,+6288531389256,winda.purnawati@example.org,9760612228847198,Tari Permata
Asmadi Situmorang,9793834553768423,Sorong,19-10-1997,Pria,Belum Kawin,"Gg. Asia Afrika No. 81, Pematangsiantar, Bali 99598",Kristen,+6289962204799,asmadi.situmorang@gmail.com,4731355801201071,Lala Sudiati
Iriana Rahimah,0449580554580875,Manado,22-02-2000,Wanita,Kawin,"Gg. Sadang Serang No. 2, Meulaboh, Gorontalo 76167",Katolik,+6280352036604,iriana.rahimah@outlook.com,7747619953239448,Siti Hariyah
Ana Winarsih,7746550516333727,Banjarmasin,29-09-1993,Wanita,Belum Kawin,"Gg. Cikutra Barat No. 2, Cirebon, Maluku Utara 69596",Kristen,+6281663685514,ana.winarsih@outlook.com,4100930335611257,Clara Mayasari
Ilsa Suryatmi,9932735411967548,Bima,02-06-1993,Wanita,Kawin,"Jalan Pasir Koja No. 8, Mojokerto, BB 98849",Kristen,+6287337778189,ilsa.suryatmi@example.org,2265773165856604,Jessica Nasyidah
Tedi Manullang,7159024097985051,Pontianak,29-08-2004,Pria,Belum Kawin,"Jl. Merdeka No. 09, Makassar, Nusa Tenggara Timur 57548",Katolik,+6289172091646,tedi.manullang@yahoo.com,3225465630325559,Elisa Yolanda
Agus Hutagalung,0997344601043160,Bandar Lampung,07-11-2006,Pria,Belum Kawin,"Gang Cikutra Barat No. 48, Pagaralam, LA 56107",Kristen,+6285858706686,agus.hutagalung@yahoo.com,4672171468188795,Ana Kusmawati
Lanang Mangunsong,4358511542819687,Meulaboh,12-02-1996,Pria,Belum Kawin,"Jl. Jayawijaya No. 792, Palopo, KS 25964",Kristen,+6284185627441,lanang.mangunsong@mail.com,7595361172581134,Kezia Rahayu
Bahuraksa Natsir,2800017054595800,Solok,28-01-1993,Pria,Belum Kawin,"Jl. Erlangga No. 982, Mojokerto, Sulawesi Selatan 62695",Kristen,+6280691121693,bahuraksa.natsir@outlook.com,5965173234905247,Putri Palastri
Iriana Kusmawati,8495428158339917,Kotamobagu,29-12-2006,Wanita,Kawin,"Gg. Antapani Lama No. 70, Madiun, AC 80838",Katolik,+6280725754887,iriana.kusmawati@gmail.com,6173199098977678,Melinda Wulandari
Candrakanta Wibowo,1810612448852516,Tangerang,24-07-2006,Pria,Belum Kawin,"Jalan Setiabudhi No. 697, Balikpapan, Sulawesi Barat 38725",Kristen,+6288350732287,candrakanta.wibowo@mail.com,5868089354707032,Ophelia Handayani
Siska Widiastuti,7909025180232411,Dumai,31-05-1999,Wanita,Kawin,"Gang Kendalsari No. 585, Payakumbuh, LA 69352",Katolik,+6289833992781,siska.widiastuti@gmail.com,6787253216888644,Dalima Usada
Eka Riyanti,0628950506308265,Padang Sidempuan,26-08-1996,Wanita,Kawin,"Gang K.H. Wahid Hasyim No. 79, Padangpanjang, Riau 37236",Katolik,+6288035863872,eka.riyanti@gmail.com,6406284908239028,Victoria Wijayanti
Nalar Wahyudin,4036488579165449,Tanjungpinang,20-07-1996,Pria,Kawin,"Jalan Jend. A. Yani No. 613, Kota Administrasi Jakarta Pusat, SU 80098",Islam,+6286642669619,nalar.wahyudin@example.org,8674906254337238,Samiah Hartati
Dian Purnawati,0135856510338205,Mojokerto,11-07-2000,Wanita,Kawin,"Gg. Pelajar Pejuang No. 71, Banjarbaru, Kalimantan Utara 77422",Islam,+6287838632844,dian.purnawati@mail.com,0584875840316266,Mala Utami
Gilda Astuti,1357519898852013,Palu,15-05-2000,Wanita,Belum Kawin,"Jalan Stasiun Wonokromo No. 48, Cimahi, JI 91571",Islam,+6286052201304,gilda.astuti@yahoo.com,0593954416623899,Wirda Utami
Icha Nasyiah,6398896042616719,Tarakan,24-07-1997,Wanita,Kawin,"Jl. PHH. Mustofa No. 7, Pekalongan, NT 02843",Katolik,+6288886419405,icha.nasyiah@outlook.com,4711859986900518,Sarah Astuti
Harjaya Santoso,6256055008914796,Bengkulu,11-04-1995,Pria,Belum Kawin,"Jalan Rungkut Industri No. 366, Padang, Nusa Tenggara Barat 88639",Kristen,+6280510996971,harjaya.santoso@mail.com,4194484944614138,Silvia Yulianti
Irwan Lazuardi,8443975619354276,Tanjungbalai,21-07-2001,Pria,Belum Kawin,"Jl. Tebet Barat Dalam No. 431, Sorong, KU 19220",Katolik,+6283079396025,irwan.lazuardi@yahoo.com,9639346844359143,Carla Pudjiastuti
Anggabaya Iswahyudi,7577727470299210,Solok,15-11-1995,Pria,Kawin,"Jalan Kutisari Selatan No. 275, Mataram, Papua 28380",Kristen,+6285145164445,anggabaya.iswahyudi@outlook.com,5091116354756060,Rina Sudiati
Danu Tarihoran,0526076039948508,Balikpapan,27-04-1994,Pria,Belum Kawin,"Jl. Dipatiukur No. 53, Kota Administrasi Jakarta Selatan, SR 52125",Kristen,+6281891033917,danu.tarihoran@example.org,2730607597929367,Elvina Usamah
Gabriella Pratiwi,8160388120962556,Banjarbaru,14-03-2007,Wanita,Kawin,"Gang Pasteur No. 887, Tanjungbalai, Kalimantan Selatan 78650",Kristen,+6281450519911,gabriella.pratiwi@outlook.com,9707023898810524,Ina Prastuti
